logw,educ,age,exper,smsa,south,nearc,daded,momed
6.30627529,7,29,16,1,0,0,9.94,10.25
6.17586727,12,27,9,1,0,0,8,8
6.58063914,12,34,16,1,0,0,14,12
5.52146092,11,27,10,1,0,1,11,12
6.59167373,12,34,16,1,0,1,8,7
6.2146081,12,26,8,1,0,1,9,12
6.33682573,18,33,9,1,0,1,14,14
6.41017488,14,29,9,1,0,1,14,14
6.05208917,12,28,10,1,0,1,12,12
6.2441669,12,29,11,1,0,1,12,12
5.4161004,9,28,13,1,0,1,11,12
5.99146455,12,26,8,1,0,1,11,6
6.03308622,11,24,7,1,0,1,11,6
5.37989735,11,30,13,1,0,1,11,6
6.79570578,16,31,9,1,0,1,9.94,8
5.70378247,14,24,4,1,0,1,15,12
5.84643878,12,34,16,1,0,1,12,8
6.48920493,14,29,9,1,0,1,9.94,12
6.35437004,10,26,10,1,0,1,8,8
6.47543272,12,32,14,1,0,1,8,8
6.85012617,18,32,8,1,1,1,12,13
6.41999493,18,34,10,1,0,1,9.94,8
6.58755001,15,32,11,0,0,1,5,14
6.4035742,12,28,10,1,0,1,14,12
6.54103,12,32,14,1,0,1,11,12
7.24422752,18,34,10,0,0,1,14,13
5.70378247,12,26,8,1,0,1,7,12
7.49554194,18,32,8,1,0,1,16,16
6.02344759,12,25,7,1,0,1,11,12
6.44888939,14,29,9,0,0,1,9.94,16
5.33753808,12,25,7,1,0,1,12,12
6.12468339,12,25,7,1,0,1,9.94,11
6.71417053,16,24,2,1,0,1,10,10
6.35784227,18,34,10,1,0,1,9.94,12
5.54126355,11,28,11,1,0,1,6,10
6.86901445,16,30,8,1,0,1,12,12
6.85012617,10,31,15,1,0,1,8,6
7.0440329,18,34,10,1,0,1,8,11
5.78074352,6,27,15,1,0,1,2,6
5.45958551,11,24,7,1,0,1,6,12
6.90775528,12,34,16,1,0,1,11,10
6.17586727,9,26,11,1,0,1,9.94,12
6.43615037,15,32,11,1,0,1,10,12
6.47697236,11,34,17,1,0,1,8,10
5.84064166,12,24,6,1,0,1,9.94,10
5.94017125,16,24,2,1,1,1,12,10
5.86646806,12,24,6,1,0,1,12,11
6.49072353,13,25,6,1,0,1,9.94,12
6.43133108,17,28,5,1,0,1,10,10
6.08677473,12,25,7,1,0,1,10,11
6.60394382,12,26,8,1,0,1,12,10
5.6347896,11,31,14,0,1,1,5,5
6.07304453,10,24,8,1,0,1,5,10.25
6.5581978,12,27,9,1,0,1,9.94,8
6.05208917,12,27,9,1,0,1,10,12
6.34738921,12,24,6,1,0,1,9.94,4
6.28785856,16,30,8,1,0,1,12,12
6.60665019,16,32,10,1,0,1,12,12
6.51174533,13,32,13,1,0,1,10,12
6.64509097,12,34,16,1,0,1,10,10
6.38350663,12,24,6,1,0,1,10,10
5.36129217,9,24,9,1,0,1,12,11
7.35436233,16,34,12,1,0,1,12,12
6.65157187,16,28,6,1,0,1,11,11
6.39692966,12,26,8,1,1,1,8,9
6.54103,18,24,0,1,0,1,16,16
6.34563636,13,31,12,1,0,1,8,12
6.07073773,14,28,8,1,0,1,12,12
6.28785856,15,28,7,1,0,1,12,12
6.44094654,12,25,7,1,0,1,12,9
6.17586727,8,31,17,1,0,1,12,11
6.30078579,12,26,8,1,0,1,6,11
6.35610766,12,25,7,1,0,1,12,9
6.55108034,16,25,3,1,0,1,14,12
6.66949809,16,28,6,1,0,1,12,12
6.91968385,17,27,4,1,0,1,12,12
6.63068339,12,24,6,1,0,1,12,10
6.39859493,14,29,9,1,0,1,12,16
5.6454469,12,24,6,1,0,1,9.94,12
5.52146092,12,24,6,1,0,1,12,12
6.2146081,12,26,8,1,0,1,10,12
6.30991828,11,31,14,1,0,1,8,6
7.04141166,12,25,7,1,0,1,8,6
6.69703425,18,31,7,1,1,1,8,8
5.74620319,12,28,10,1,0,1,9.94,9
6.59441346,18,25,1,1,0,1,9.94,4
6.43775165,16,25,3,1,0,1,9,10
6.37672695,14,24,4,1,0,1,16,12
5.92692603,14,26,6,1,0,1,12,12
6.70563909,16,29,7,1,1,1,14,11
6.76272951,14,30,10,1,0,1,15,12
5.85793315,15,28,7,1,1,1,12,12
5.3082677,13,24,5,1,1,1,12,12
6.22455843,13,32,13,1,1,1,16,16
6.70441435,17,30,7,1,0,1,12,13
6.43775165,18,26,2,1,0,1,14,12
6.64509097,18,32,8,1,0,1,16,16
6.2146081,17,27,4,1,0,1,16,17
6.42810527,17,27,4,1,0,1,12,8
6.47697236,12,30,12,1,0,1,9.94,8
6.64509097,18,28,4,1,0,1,10,12
6.23832463,12,26,8,1,0,1,10,12
6.43775165,18,31,7,1,0,1,12,13
7.01301579,14,31,11,1,0,1,12,12
6.58063914,13,28,9,1,0,1,12,12
7.05098945,14,32,12,1,0,1,13,12
6.7178047,18,34,10,0,0,1,18,18
6.82762923,16,34,12,1,0,1,14,12
6.98100574,17,28,5,1,0,1,14,17
6.43775165,12,33,15,1,0,1,9.94,8
6.13122649,13,27,8,1,0,1,9.94,8
6.80239476,14,24,4,1,0,1,8,12
6.52502966,18,29,5,1,0,1,8,9
6.01859321,12,24,6,1,0,1,10,12
6.43775165,13,27,8,1,0,1,12,15
6.91274282,18,32,8,1,0,1,12,12
6.58617165,11,24,7,1,0,1,9,11
6.62007321,15,27,6,1,0,1,8,11
6.27098843,14,29,9,1,0,1,9.94,8
6.8793558,17,29,6,1,0,1,8,12
6.15697899,12,26,8,0,0,1,12,12
5.78382518,12,24,6,1,0,1,12,12
6.77422389,12,34,16,1,0,1,9.94,12
6.43775165,13,34,15,1,0,1,9,10
5.82008293,12,26,8,1,0,1,8,10
6.17586727,16,27,5,1,0,1,5,5
6.47697236,9,29,14,1,0,1,5,10.25
5.94803499,16,25,3,1,0,1,5,4
6.86901445,18,30,6,1,0,1,15,14
6.42162227,16,29,7,0,0,1,13,12
6.5539334,14,28,8,1,0,1,12,12
6.453625,14,31,11,1,0,1,9.94,12
5.29831737,12,28,10,1,0,1,10,11
6.70563909,12,27,9,1,0,1,10,10
6.35784227,14,26,6,1,0,1,9.94,12
6.14418563,17,26,3,1,0,1,12,12
6.82871207,16,29,7,1,0,1,9.94,12
6.67582322,16,31,9,1,1,1,12,12
6.453625,14,28,8,1,0,1,12,12
6.34563636,12,25,7,1,0,1,9.94,10.25
6.5581978,16,29,7,1,0,1,12,12
6.453625,14,28,8,1,0,1,12,9
6.54247196,12,30,12,1,0,1,9.94,12
6.42162227,13,34,15,1,0,1,10,12
6.13556489,16,26,4,1,0,1,15,10
6.76272951,12,34,16,1,0,1,12,12
6.60258789,18,33,9,1,1,1,12,12
7.24422752,12,25,7,1,0,1,8,14
6.69456206,12,31,13,1,0,1,9.94,7
6.48310735,16,26,4,1,0,1,11,12
5.70378247,12,25,7,1,0,1,9.94,12
6.35784227,16,30,8,1,0,1,8,10
5.57972983,16,24,2,1,0,1,10,12
6.38687932,18,31,7,0,0,1,8,8
5.78382518,17,26,3,1,0,1,12,8
5.95324333,16,24,2,0,0,1,12,8
6.90775528,18,25,1,1,0,1,12,12
6.14203741,18,28,4,1,0,1,8,11
6.08677473,16,28,6,1,0,1,16,18
6.43775165,16,27,5,1,0,1,16,17
5.65248918,17,27,4,1,0,1,11,12
6.47697236,14,27,7,1,0,1,10,12
6.69456206,13,25,6,1,0,1,10,12
6.2146081,12,24,6,1,0,1,10,12
6.72262979,16,26,4,1,0,1,14,12
6.2146081,12,31,13,1,0,1,8,6
6.54103,17,32,9,1,0,1,12,12
7.00306546,12,27,9,1,0,1,12,10
6.63725803,12,25,7,1,0,1,8,12
6.67834211,12,27,9,1,0,1,8,9
5.80814249,16,25,3,1,0,1,7,8
6.01371516,18,30,6,1,0,1,16,12
6.76272951,16,27,5,1,0,1,9.94,12
6.78897174,12,31,13,1,0,1,8,12
6.51174533,12,34,16,1,0,1,9.94,12
6.55108034,12,33,15,0,0,1,7,10.25
5.52146092,18,33,9,1,1,1,16,16
6.43775165,11,27,10,1,0,1,11,9
6.03308622,13,31,12,1,0,1,8,12
6.35610766,13,28,9,1,0,1,8,12
6.41836494,12,26,8,1,0,1,12,9
6.55108034,12,31,13,1,0,1,11,9
6.10924758,12,24,6,1,0,1,11,9
6.2146081,16,28,6,1,0,1,9.94,12
6.24222327,12,25,7,0,0,1,12,10.25
5.52146092,16,25,3,1,0,1,12,12
5.75257264,12,24,6,0,0,1,12,12
5.92692603,12,29,11,1,0,1,9,12
6.12468339,15,34,13,0,0,1,9.94,12
5.6167711,12,27,9,1,0,1,9.94,10.25
6.85751406,12,28,10,1,0,1,9.94,12
7.01660968,16,32,10,1,0,1,8,9
5.66642669,16,25,3,0,0,1,12,14
6.2146081,16,25,3,1,0,1,9.94,10.25
6.58755001,18,32,8,1,0,1,16,12
7.1428274,18,29,5,1,0,1,18,12
6.41836494,17,26,3,1,0,1,18,18
6.30078579,12,28,10,1,0,1,10,11
5.62762111,13,28,9,1,0,1,12,8
7.27378632,18,34,10,1,0,1,16,12
6.90274274,16,27,5,1,0,1,16,12
6.55108034,12,29,11,1,0,1,11,11
6.35784227,16,28,6,1,0,1,9,12
6.7546041,16,31,9,1,0,1,6,12
6.53087763,12,28,10,1,0,1,12,10.25
6.72383244,15,31,10,1,0,1,11,10.25
6.45047042,13,33,14,1,0,1,13,8
6.53524127,12,32,14,1,0,1,12,12
6.64509097,14,30,10,1,0,1,8,8
5.95324333,15,27,6,1,0,1,12,14
6.10924758,12,24,6,1,0,1,12,14
6.42162227,12,27,9,1,0,1,10,12
6.52502966,12,34,16,1,0,1,9.94,8
6.50727771,10,32,16,1,0,1,9.94,10.25
6.68461173,11,33,16,1,0,1,8,8
6.22455843,14,34,14,1,0,1,8,8
6.93342303,18,30,6,1,0,1,12,16
6.64509097,15,25,4,1,0,1,16,12
5.66988092,10,32,16,1,1,1,10,14
6.27098843,13,28,9,1,0,1,9.94,8
7.05098945,16,29,7,1,0,1,12,12
6.30809844,10,29,13,1,0,1,12,10.25
6.1633148,12,26,8,1,0,1,8,12
6.10924758,12,26,8,1,0,1,12,12
6.77422389,17,27,4,1,0,1,10,10.25
5.29831737,15,25,4,1,0,1,10,10.25
5.70378247,13,26,7,0,0,1,16,16
6.13556489,16,25,3,0,0,1,16,10.25
5.95324333,12,30,12,1,0,1,13,12
7.15617664,15,32,11,1,0,1,16,16
6.37672695,16,25,3,1,0,1,12,12
6.39692966,12,27,9,1,0,1,17,16
6.2146081,16,30,8,1,0,1,6,10.25
6.08677473,12,33,15,1,0,1,8,8
6.14632926,18,26,2,1,1,1,13,16
6.83410874,17,29,6,1,0,1,14,12
6.32076829,16,27,5,1,0,1,14,12
6.08221891,13,24,5,1,0,1,14,12
6.39692966,12,29,11,1,0,1,9,10
6.35437004,12,26,8,1,0,1,9,10
5.96357934,12,26,8,1,0,1,9,10
6.67834211,12,34,16,0,0,1,12,10.25
6.15485809,18,27,3,1,0,1,18,16
5.3082677,17,26,3,1,0,1,18,16
5.29831737,17,24,1,1,0,1,18,16
5.85793315,17,24,1,1,0,1,15,17
5.92692603,14,24,4,0,0,1,10,12
6.17586727,16,25,3,1,0,1,12,9
6.86901445,18,31,7,1,0,1,8,8
6.04737218,15,27,6,1,0,1,12,12
6.2146081,15,27,6,1,0,1,11,12
6.10924758,9,30,15,1,0,1,9.94,11
6.16541785,8,28,14,1,0,1,8,9
4.91265489,12,24,6,1,0,1,8,9
6.35437004,12,32,14,1,0,1,10,9
6.35784227,12,33,15,1,0,1,10,8
5.7365723,12,31,13,1,0,1,8,9
6.55108034,9,30,15,1,0,1,12,12
7.18690102,14,32,12,1,0,1,9.94,12
6.31173481,10,34,18,1,0,1,12,9
6.78105763,17,30,7,1,0,1,8,8
6.63331843,12,25,7,1,0,1,7,12
6.56244409,12,32,14,1,0,1,8,11
6.05208917,12,26,8,1,0,1,8,8
6.05678401,12,26,8,1,0,1,9.94,9
6.35610766,16,24,2,1,0,1,9.94,9
5.99146455,9,32,17,1,0,1,9.94,4
6.2146081,12,31,13,0,0,1,8,5
6.27476202,12,28,10,0,0,1,8,5
6.51174533,16,28,6,1,0,1,12,12
6.35784227,16,27,5,1,1,1,12,12
5.78382518,16,24,2,1,0,1,16,12
6.2146081,11,29,12,0,0,1,7,11
6.64639051,12,25,7,0,0,1,7,11
6.2146081,12,26,8,1,0,1,7,12
5.96870756,16,28,6,1,0,1,14,12
6.69703425,12,34,16,1,0,1,12,10
6.29710932,9,34,19,0,0,1,12,10.25
6.3851944,9,34,19,0,0,1,12,12
6.76157277,17,25,2,1,0,1,12,12
6.55108034,10,28,12,0,0,1,9.94,8
6.23441073,12,25,7,0,0,1,12,12
6.42162227,13,34,15,1,0,1,9,12
6.63463336,14,29,9,1,0,1,9,8
6.20050917,10,31,15,1,0,1,9.94,10.25
6.09807428,16,24,2,1,0,1,12,12
6.05208917,12,25,7,1,0,1,8,9
6.62007321,16,24,2,1,0,1,12,12
6.55108034,16,24,2,1,0,1,12,12
6.08221891,12,24,6,1,0,1,9,9
6.41017488,12,29,11,1,0,1,12,12
6.10924758,13,24,5,1,0,1,7,8
5.74620319,3,26,17,1,0,1,4,0
5.52146092,7,33,20,1,0,1,6,5
6.2146081,14,33,13,1,0,1,12,12
5.89989735,12,26,8,1,0,0,11,12
6.70073111,12,26,8,1,0,0,10,12
5.78689738,12,25,7,0,0,0,10,12
6.26149168,12,29,11,0,0,0,9.94,10
6.70318811,13,28,9,1,0,0,9,12
6.62007321,12,28,10,1,0,0,11,12
6.26339826,17,24,1,1,0,0,9,10
7.02553831,12,32,14,1,0,0,8,12
6.43775165,12,28,10,1,0,0,8,9
6.57228254,14,25,5,1,0,0,12,12
6.38181602,12,31,13,0,0,0,8,12
6.00141488,17,27,4,1,0,0,12,12
6.51471269,12,28,10,1,0,1,10,12
6.09582456,12,25,7,1,0,1,10,12
6.19031541,12,24,6,1,0,1,10,12
6.54391185,9,34,19,1,0,1,10,6
6.55108034,12,25,7,1,1,1,10,12
5.78382518,12,24,6,1,1,1,7,10
6.32076829,9,25,10,1,0,1,12,11
5.78382518,12,26,8,1,0,1,8,12
6.50428817,13,26,7,1,0,1,15,16
7.7848893,18,31,7,1,0,1,18,16
6.63068339,16,25,3,1,0,1,12,14
6.89365635,16,34,12,1,0,1,12,12
6.35784227,12,25,7,1,0,1,12,12
5.65599181,17,29,6,0,0,1,12,12
5.44241771,14,28,8,1,1,1,18,16
6.24027585,12,25,7,1,0,1,7,10
6.42162227,15,28,7,1,0,1,9,10
6.55108034,15,25,4,1,0,1,9,10
6.57088296,18,33,9,1,0,1,12,7
6.55250789,9,30,15,1,0,1,8,8
6.13556489,12,24,6,1,0,1,7,9
6.76619171,18,28,4,1,0,1,8,9
6.82110747,16,29,7,0,0,1,9,10
6.97073008,12,27,9,1,0,1,12,12
5.99146455,12,29,11,1,1,1,12,12
6.46146818,12,27,9,1,0,1,12,12
5.65248918,13,24,5,1,0,1,8,8
6.46302946,17,27,4,1,1,1,12,12
5.96357934,13,32,13,1,0,1,9.94,4
6.91770561,12,25,7,1,0,1,12,10
6.70563909,12,24,6,0,0,1,8,12
6.88243747,17,27,4,1,0,1,10,9
6.62007321,12,29,11,1,0,1,6,7
6.13772705,15,24,3,0,0,1,7,8
7.23489842,12,28,10,1,0,1,12,10.25
6.35784227,12,25,7,1,0,1,12,10.25
5.99396143,12,27,9,1,0,1,11,9
5.768321,10,26,10,1,0,1,11,9
6.24222327,12,27,9,1,0,1,14,12
5.33753808,11,25,8,1,0,1,14,12
7.08338785,17,27,4,1,0,1,8,6
6.43775165,14,26,6,1,0,1,7,6
6.17586727,17,34,11,1,0,1,7,7
6.57088296,13,27,8,1,0,1,12,12
6.43775165,11,27,10,1,0,1,1,4
6.315358,12,30,12,1,0,1,9.94,7
6.36130248,12,34,16,1,0,1,5,2
6.73459166,18,28,4,1,0,1,12,16
7.56164175,18,33,9,1,0,1,12,12
6.69208374,16,26,4,1,0,1,13,10
5.84064166,12,29,11,1,0,1,9.94,6
6.86901445,12,32,14,1,0,1,11,14
6.39692966,12,32,14,0,0,1,10,10
6.72982407,18,34,10,1,0,1,12,10
6.43775165,16,24,2,1,0,1,9.94,10.25
6.33327963,16,28,6,1,0,1,9.94,10.25
7.25134498,16,28,6,1,0,1,10,10
6.1737861,12,25,7,1,0,1,9.94,12
6.39692966,12,24,6,1,0,1,7,8
5.70378247,9,28,13,1,0,1,9.94,0
6.22455843,9,25,10,1,0,1,9.94,0
6.03308622,14,25,5,1,0,1,7,12
5.70378247,12,24,6,1,0,1,7,12
6.76272951,18,27,3,1,0,1,14,14
5.70378247,16,25,3,1,0,1,16,13
6.58063914,12,32,14,1,0,1,9,6
6.75227038,12,34,16,1,0,1,8,10.25
6.60394382,10,30,14,1,0,1,10,7
6.96413561,17,31,8,1,0,1,15,12
6.27098843,12,32,14,1,0,1,6,8
6.34913899,11,34,17,1,0,1,6,10.25
6.69084228,12,32,14,0,0,1,9.94,9
5.99146455,10,30,14,1,0,1,6,8
6.86901445,18,29,5,1,0,1,12,16
6.70563909,18,27,3,1,0,1,13,16
6.60665019,13,28,9,1,0,1,14,12
6.58063914,18,30,6,1,0,1,12,12
6.81673588,18,24,0,1,0,1,16,16
5.93753621,17,27,4,1,0,1,8,12
5.85793315,14,26,6,1,0,1,8,12
6.54247196,11,33,16,1,0,1,8,8
6.92165818,12,32,14,1,1,1,9.94,12
7.0352686,18,34,10,1,0,1,16,16
7.44366368,18,30,6,1,0,1,16,16
6.27098843,12,26,8,1,0,1,12,8
6.51174533,17,32,9,1,0,1,12,16
6.91770561,17,28,5,1,0,1,16,13
6.74051936,18,28,4,1,0,1,17,12
6.56526497,11,27,10,1,0,1,12,12
6.70930434,16,26,4,0,0,1,12,13
6.10255859,12,24,6,1,0,1,12,13
6.2146081,15,25,4,1,0,1,9,10
6.95559261,16,31,9,1,0,1,12,12
7.09174212,18,29,5,1,0,1,16,12
6.5366916,12,33,15,1,0,1,8,10.25
6.4738907,16,28,6,1,0,1,8,10
6.77422389,13,30,11,1,0,1,12,12
6.30627529,17,25,2,1,0,1,12,12
6.39692966,7,28,15,1,0,1,8,9
7.71601527,15,34,13,1,0,1,12,8
7.27378632,12,31,13,1,0,1,12,8
5.768321,12,34,16,1,0,1,9.94,10.25
7.14045304,18,33,9,1,0,1,10,16
6.39692966,12,24,6,1,0,1,11,9
5.70378247,11,26,9,1,0,1,9.94,10
6.28785856,16,24,2,1,0,1,12,12
6.61204103,12,33,15,0,0,1,11,10.25
6.74051936,12,33,15,1,0,1,9.94,12
6.70073111,16,29,7,1,0,1,12,12
6.90775528,12,28,10,1,0,1,9.94,8
6.32972091,16,26,4,1,0,1,12,15
5.65248918,18,26,2,1,0,1,18,18
6.0799332,16,27,5,1,0,1,16,12
5.78382518,13,25,6,1,0,1,12,12
6.3630281,16,28,6,1,0,1,10,12
6.37672695,16,26,4,1,0,1,12,12
6.68586095,18,29,5,1,0,1,14,12
5.74300319,14,25,5,1,0,1,8,10
5.52146092,12,29,11,1,0,1,4,11
6.2146081,15,27,6,1,0,1,4,11
6.62007321,12,33,15,1,0,1,9.94,12
5.83773045,13,31,12,1,1,1,11,11
5.52146092,15,28,7,1,0,1,11,11
6.55108034,16,24,2,1,0,1,12,10
5.99146455,12,25,7,1,0,1,8,8
6.31896811,17,27,4,1,0,1,14,12
6.54965074,15,28,7,1,0,1,12,12
7.56164175,14,24,4,1,0,1,12,12
7.10332206,18,32,8,1,0,1,9.94,10
6.42162227,16,29,7,1,0,1,12,12
6.61338422,14,25,5,1,0,1,12,12
6.12686918,16,24,2,1,0,1,18,14
6.47234629,18,25,1,1,0,1,16,10
6.61338422,12,25,7,1,0,1,8,12
6.70318811,16,25,3,1,1,1,17,12
6.76272951,16,31,9,1,0,1,13,10
6.295266,12,28,10,1,0,1,7,8
5.89989735,13,27,8,1,0,1,18,12
6.03308622,10,24,8,1,0,1,18,12
6.48768402,16,27,5,1,0,1,9.94,12
6.27098843,15,26,5,1,0,1,9.94,12
6.74641213,17,29,6,1,0,1,8,12
6.49677499,12,25,7,1,0,1,12,9
6.27098843,16,24,2,1,0,1,12,12
6.79009724,18,28,4,1,0,1,9,12
6.76272951,17,28,5,1,1,1,9.94,12
5.44241771,18,26,2,1,1,1,18,12
6.68710861,12,32,14,0,1,1,10,9
6.27852142,13,27,8,1,0,1,12,12
6.65286303,15,25,4,1,0,1,12,14
6.16541785,14,24,4,1,0,1,12,14
6.76272951,16,33,11,1,0,1,16,10.25
6.92165818,16,28,6,0,0,1,10,12
6.46302946,18,32,8,1,0,1,16,16
5.80814249,16,24,2,1,0,1,10,10
6.32076829,11,34,17,1,0,1,8,9
6.26909628,18,26,2,1,0,1,8,12
6.453625,12,26,8,1,0,1,12,12
6.2146081,11,27,10,1,1,1,3,10.25
7.05098945,16,34,12,1,0,1,9.94,12
6.75110147,18,26,2,1,0,1,9.94,10.25
6.1717006,12,28,10,0,0,1,16,12
6.70563909,18,25,1,1,1,1,12,11
6.53958596,18,29,5,1,0,1,18,12
6.89669433,16,33,11,0,0,1,12,8
6.10255859,16,31,9,1,1,1,9.94,12
6.90975328,18,34,10,1,0,1,16,12
7.12367279,18,34,10,1,0,1,12,12
6.82546004,14,32,12,0,0,1,9.94,12
6.34738921,12,28,10,1,0,1,7,8
6.26339826,12,31,13,1,0,1,6,11
7.05098945,12,28,10,1,0,1,8,12
6.1737861,12,24,6,1,0,1,5,10
6.73221071,11,24,7,1,0,1,9.94,10
7.24565507,14,33,13,1,0,1,10,10
5.99146455,13,27,8,1,0,1,9.94,10.25
6.56526497,12,33,15,1,0,1,12,8
6.453625,14,24,4,1,0,1,10,12
5.96100534,13,26,7,1,0,1,11,12
6.53378884,12,26,8,1,0,1,8,10
6.44571982,12,34,16,1,0,1,9.94,10.25
6.95081477,15,34,13,1,0,1,12,8
6.35784227,12,24,6,1,0,1,9.94,12
6.2146081,12,25,7,1,0,1,9.94,12
6.66057515,12,34,16,0,0,1,9.94,12
6.35784227,13,26,7,1,0,1,12,11
6.26339826,13,25,6,1,0,1,12,11
5.95324333,17,28,5,1,0,1,12,12
6.43775165,12,29,11,1,0,1,8,10.25
6.43775165,16,28,6,1,0,1,11,11
6.1633148,13,26,7,1,0,1,10,12
6.49072353,14,25,5,1,0,1,12,12
6.05208917,16,24,2,1,0,1,12,12
6.26149168,14,25,5,1,0,1,10,11
6.43775165,12,26,8,1,0,0,10,10
6.91770561,16,31,9,1,0,0,9,12
6.39859493,12,26,8,1,0,0,9,12
6.69456206,12,27,9,1,0,0,9.94,11
6.05443935,12,28,10,1,0,0,7,7
6.96602419,12,30,12,1,0,0,5,11
6.02586597,12,26,8,1,0,0,5,11
6.19847872,12,30,12,1,0,0,9.94,7
5.78382518,12,27,9,1,0,0,9.94,7
5.6167711,12,28,10,1,0,0,12,7
5.67332327,12,25,7,1,0,0,8,12
6.59441346,18,31,7,1,1,0,16,10.25
6.19031541,14,26,6,1,1,0,12,12
5.82008293,14,24,4,1,0,0,12,12
6.58617165,12,27,9,1,0,0,12,12
6.08677473,13,25,6,0,0,0,12,12
6.46302946,16,27,5,0,0,0,8,8
5.92692603,12,28,10,1,0,0,8,11
6.17586727,12,25,7,1,0,0,9.94,10.25
6.82979374,14,29,9,1,0,0,10,8
6.24222327,12,26,8,1,0,0,12,12
6.97073008,12,33,15,1,0,0,10,10
6.45833828,12,28,10,1,0,0,9.94,10
6.60529792,12,32,14,1,0,0,9,9
6.20050917,12,26,8,1,0,0,12,8
6.47697236,10,24,8,1,1,0,12,9
5.73009978,7,31,18,1,0,0,5,8
6.44413126,16,30,8,1,0,0,11,9
6.01371516,13,28,9,0,0,0,8,12
6.39692966,18,33,9,1,0,0,9.94,10.25
6.61338422,12,28,10,0,0,0,11,12
6.43775165,17,31,8,1,0,0,9.94,10.25
6.30809844,12,29,11,0,0,0,12,12
5.78689738,15,24,3,0,0,0,12,12
5.55295958,9,26,11,0,0,0,7,10.25
6.77422389,12,26,8,1,0,1,12,12
6.45990445,12,25,7,0,0,1,12,12
6.50279005,11,33,16,0,0,1,7,7
6.22257627,14,29,9,1,1,1,12,12
5.74620319,17,25,2,1,1,1,12,12
6.91770561,18,27,3,1,1,1,9.94,12
6.90775528,10,33,17,0,0,1,8,9
6.58063914,16,28,6,0,0,1,9.94,18
6.66568372,12,27,9,0,0,1,8,8
6.30261898,12,34,16,0,0,1,8,12
6.71901315,12,25,7,0,0,1,8,8
5.0689042,12,25,7,0,0,1,10,10
6.55108034,10,27,11,0,0,1,10,6
6.58063914,13,28,9,0,0,1,10,12
5.7170277,12,24,6,0,0,1,10,12
6.315358,16,25,3,1,0,1,12,16
6.295266,14,26,6,1,1,1,7,6
6.23244802,16,24,2,0,0,1,12,12
5.95324333,16,24,2,0,0,1,12,12
7.27378632,12,32,14,1,0,0,10,8
6.7787849,16,32,10,1,0,0,14,14
6.90775528,13,24,5,1,0,0,16,14
6.76041469,12,28,10,0,0,0,12,9
6.60665019,12,27,9,0,0,0,11,12
6.79009724,12,34,16,0,0,0,9.94,10.25
6.12686918,15,29,8,1,0,0,9,10
6.10924758,12,34,16,1,0,1,9.94,9
6.55108034,12,34,16,1,0,1,9.94,10.25
6.61204103,14,33,13,1,0,1,8,12
6.79009724,16,32,10,1,0,1,12,11
6.53958596,18,32,8,1,0,1,12,12
6.4035742,18,33,9,0,0,1,12,12
6.43775165,18,30,6,1,0,1,9.94,14
6.6147256,14,33,13,1,0,1,8,12
6.58755001,18,33,9,1,0,1,8,16
6.32793678,12,30,12,1,0,1,8,10
6.04973346,12,26,8,0,0,1,12,10
5.99146455,12,26,8,0,0,1,9.94,12
5.52146092,14,26,6,1,0,1,12,12
6.4707995,13,26,7,1,0,1,8,12
6.39359075,12,24,6,1,0,1,12,12
6.90775528,12,27,9,1,0,1,8,8
6.26909628,12,28,10,0,0,1,12,13
6.17586727,12,26,8,0,0,1,12,13
6.74523635,12,33,15,0,0,1,6,12
6.22653667,14,30,10,0,0,1,9.94,10.25
6.23832463,12,29,11,1,0,1,8,8
5.39362755,11,26,9,1,0,1,9.94,9
5.0369526,16,24,2,1,0,1,9.94,10.25
5.48063892,12,31,13,1,0,1,11,12
6.32256524,12,28,10,1,0,1,11,12
6.2146081,15,27,6,1,0,1,12,12
5.91889385,16,26,4,1,0,1,9.94,10.25
5.85793315,10,25,9,0,0,1,8,8
6.36990098,12,26,8,0,0,1,8,8
6.2441669,13,26,7,0,0,1,10,12
5.96614674,12,29,11,0,0,0,9.94,10.25
5.6347896,16,25,3,0,0,0,12,12
6.5366916,12,33,15,0,0,0,9.94,12
5.70378247,12,26,8,0,0,0,9.94,12
6.453625,17,27,4,0,0,0,12,13
5.83481074,13,26,7,0,0,0,12,13
6.22455843,16,26,4,0,0,0,12,12
5.87493073,13,24,5,0,0,0,12,12
5.5683445,12,33,15,0,0,0,9.94,10.25
5.99146455,10,32,16,0,0,0,9.94,10.25
6.60665019,13,29,10,0,0,0,16,16
5.83481074,12,34,16,0,0,0,8,12
5.62040087,15,29,8,0,0,0,8,12
6.05678401,9,24,9,0,0,0,10,12
5.47646355,12,25,7,0,0,0,12,10.25
5.95324333,13,24,5,0,0,0,12,10.25
5.85793315,12,29,11,0,0,0,4,8
6.3952616,12,29,11,0,0,0,9.94,10.25
6.62007321,15,31,10,1,0,0,10,12
6.53958596,16,33,11,0,0,0,12,9
4.99043259,12,34,16,0,0,0,12,14
5.6347896,12,26,8,1,0,1,12,10
6.64509097,18,32,8,1,0,1,9.94,7
6.91770561,13,32,13,1,0,1,7,12
6.24804287,14,26,6,0,0,1,16,14
5.99146455,16,26,4,0,0,1,16,14
5.92692603,12,25,7,0,0,1,12,10
6.39024067,12,31,13,0,0,1,12,10
5.85793315,7,31,18,0,0,1,9.94,10.25
6.03308622,11,33,16,0,0,1,9.94,10.25
5.8230459,16,29,7,0,0,1,9.94,12
6.17586727,18,26,2,0,0,1,18,14
6.2146081,12,28,10,0,0,1,11,11
5.72031178,12,27,9,0,0,1,9.94,10.25
6.10924758,10,34,18,0,0,1,9,10.25
6.64509097,16,29,7,1,0,1,14,12
6.58063914,16,26,4,1,0,1,14,12
6.90775528,13,29,10,1,0,1,9.94,9
6.43775165,14,30,10,1,0,1,12,12
6.70563909,16,26,4,1,0,1,12,11
5.93224519,12,34,16,1,0,1,8,10.25
6.56244409,12,33,15,1,0,1,9.94,10.25
6.01859321,14,24,4,1,0,1,12,12
7.19967835,13,32,13,1,0,1,9.94,10.25
6.57368017,12,34,16,0,0,1,9.94,1
5.25749537,10,32,16,1,0,1,9.94,9
6.68085468,16,32,10,1,0,1,8,10.25
6.82871207,16,34,12,1,0,1,10,10
5.48063892,15,26,5,1,0,1,18,16
6.43775165,13,25,6,1,0,1,12,12
6.93244789,8,24,10,1,0,1,7,10
6.22059017,12,28,10,0,1,1,9,11
6.13556489,16,28,6,1,0,1,8,8
6.16541785,16,25,3,0,0,1,9,11
6.2146081,15,26,5,1,1,1,8,13
6.90775528,12,34,16,0,0,1,9.94,10.25
6.49677499,13,34,15,0,0,1,9.94,10.25
6.56103067,15,34,13,1,0,1,12,12
6.83303173,16,31,9,1,1,1,9.94,10.25
5.70378247,12,24,6,0,0,1,9.94,10.25
5.89989735,15,27,6,1,0,1,18,12
6.46925032,12,30,12,1,0,1,9.94,10.25
6.13556489,18,25,1,0,0,1,14,12
6.93342303,18,33,9,1,0,1,8,12
6.26339826,12,24,6,1,0,1,12,12
5.92692603,18,29,5,1,0,1,16,16
7.33823815,18,34,10,1,0,1,18,16
6.82762923,18,33,9,1,0,1,18,14
6.34212142,13,26,7,1,0,1,8,12
6.39692966,14,25,5,1,0,1,8,12
6.58063914,15,27,6,1,0,1,17,12
7.01750614,17,24,1,1,0,1,18,12
6.56807791,14,27,7,1,0,1,9.94,8
6.69456206,16,29,7,1,0,1,9.94,8
6.82979374,11,27,10,1,0,1,8,12
6.30991828,9,25,10,1,0,1,9.94,10.25
5.60211882,12,26,8,1,0,1,9.94,10.25
6.72503364,7,32,19,1,0,1,8,11
7.09007684,12,30,12,1,0,1,7,12
6.36475076,14,33,13,1,0,1,6,8
6.53087763,17,34,11,1,0,1,12,8
6.90775528,18,32,8,1,0,1,12,8
6.28599809,13,24,5,1,0,1,9,8
6.5366916,12,28,10,1,0,1,9.94,11
6.2146081,12,28,10,1,0,1,12,16
6.62007321,13,33,14,1,0,1,3,12
6.81673588,17,29,6,1,1,1,8,16
6.39692966,15,24,3,1,0,1,8,16
6.35784227,16,24,2,1,0,1,12,12
6.39859493,12,26,8,1,0,1,8,12
6.35784227,12,31,13,1,0,1,6,12
6.51767127,12,32,14,1,0,1,9.94,6
6.15909539,18,27,3,1,0,1,9,10
5.85793315,14,24,4,1,0,1,8,12
6.42971948,15,32,11,1,0,1,9,12
5.9348942,16,24,2,1,0,1,12,12
5.49306144,16,25,3,1,0,1,16,13
6.62007321,12,26,8,1,0,1,7,12
6.08904488,18,30,6,0,0,1,12,14
6.53378884,14,29,9,1,0,1,12,14
6.2166061,18,25,1,0,0,1,12,14
5.99146455,12,29,11,1,0,1,12,12
6.88857246,12,26,8,1,0,1,12,12
6.47543272,14,30,10,1,1,1,12,12
6.43775165,12,32,14,1,0,1,9.94,10.25
6.56103067,16,28,6,1,0,1,12,11
6.94985646,12,29,11,1,0,1,11,12
6.63463336,12,27,9,1,0,1,8,8
6.26149168,13,25,6,0,0,1,14,12
6.35437004,13,27,8,1,0,1,6,6
6.76272951,14,26,6,1,0,1,9.94,6
6.56948142,12,28,10,1,0,1,12,8
6.51174533,16,27,5,1,0,1,7,8
6.49526556,12,25,7,1,0,1,7,8
6.29710932,14,29,9,1,0,1,11,8
6.26339826,13,25,6,1,0,1,12,12
6.46146818,12,28,10,1,0,1,9.94,8
5.69373214,12,26,8,1,0,1,9.94,8
6.85329909,8,33,19,1,0,1,9.94,10.25
6.2146081,12,34,16,1,0,1,8,9
6.42971948,13,25,6,1,0,1,5,7
5.62401751,12,25,7,1,0,1,9.94,10
5.48063892,10,26,10,0,1,1,5,8
5.48063892,10,25,9,0,1,1,5,8
6.13556489,12,33,15,1,0,1,9.94,10.25
6.00141488,12,27,9,1,0,1,9.94,11
6.10924758,12,25,7,1,0,1,9.94,11
5.52146092,12,24,6,1,0,1,3,2
6.58892648,11,26,9,1,0,1,9.94,9
6.50279005,12,24,6,1,0,1,9.94,9
6.86901445,12,28,10,1,0,1,9.94,6
6.62007321,14,27,7,1,0,1,9.94,8
6.50279005,14,25,5,1,0,1,8,8
6.53958596,17,34,11,0,0,1,8,12
6.14203741,12,25,7,1,0,1,6,12
6.46302946,12,30,12,1,0,1,9.94,10.25
6.56526497,11,29,12,1,0,1,9.94,11
6.05208917,13,25,6,1,0,1,9.94,10
6.72503364,12,27,9,1,0,1,12,12
5.73009978,12,26,8,1,0,1,12,12
6.43775165,16,29,7,1,0,1,12,12
7.27378632,16,32,10,1,0,1,13,16
6.51174533,16,25,3,1,0,1,12,12
7.20489251,17,28,5,1,0,1,14,14
5.99146455,17,33,10,1,0,1,12,10
6.24997524,9,34,19,0,0,1,12,10.25
6.12249281,14,26,6,1,0,1,16,16
6.01371516,17,33,10,1,1,1,12,12
6.32614947,18,34,10,1,0,1,5,9
5.43807931,12,24,6,1,0,1,10,9
6.93342303,17,27,4,1,0,1,18,18
6.98656646,12,27,9,1,0,1,13,13
7.09174212,14,24,4,1,0,1,13,13
5.79605775,17,25,2,0,0,1,9.94,12
6.17586727,18,27,3,1,0,1,14,14
6.51174533,18,24,0,1,1,1,14,10.25
7.42833319,17,31,8,1,0,1,12,12
7.15617664,16,34,12,1,0,1,12,12
6.35784227,12,24,6,1,0,1,12,14
6.09582456,18,27,3,1,0,1,9,9
6.17586727,16,28,6,1,0,1,9.94,9
6.14632926,12,24,6,1,0,1,16,12
6.50428817,6,31,19,1,0,1,3,3
5.65599181,15,27,6,1,0,1,12,12
6.35784227,18,33,9,1,0,1,12,12
6.58063914,14,29,9,1,0,1,12,12
6.13556489,12,25,7,1,0,1,6,8
6.62007321,15,25,4,1,0,1,12,10
5.29831737,12,24,6,1,0,1,6,12
6.47697236,12,27,9,1,0,1,12,10
6.17586727,18,28,4,1,0,1,12,11
6.39692966,11,24,7,1,0,1,9,10.25
6.64509097,16,28,6,1,1,1,16,16
6.65286303,17,27,4,1,0,1,16,16
6.46302946,16,24,2,1,0,1,16,16
6.96129605,14,33,13,1,0,1,14,10
6.51619308,16,31,9,1,0,1,14,12
6.53813982,12,28,10,1,0,1,9.94,10.25
6.86901445,17,30,7,1,0,1,14,12
5.99146455,13,28,9,1,0,1,14,12
6.51174533,16,27,5,1,0,1,14,12
7.27378632,18,34,10,1,0,1,10,11
6.27098843,18,32,8,1,0,1,16,10
6.55108034,14,27,7,1,0,1,9,11
6.51471269,8,34,20,1,0,1,9.94,4
6.20253552,18,25,1,1,0,1,8,10
6.2146081,12,24,6,1,0,1,12,8
6.10924758,16,24,2,1,0,1,9.94,10.25
6.39859493,13,25,6,1,0,1,9.94,8
6.57507584,13,28,9,1,0,1,9,12
6.35437004,12,29,11,1,0,1,9,10
5.85793315,12,25,7,1,0,1,9,10
5.85793315,12,24,6,1,0,1,9,10
6.46614472,16,29,7,1,0,1,12,12
6.51471269,15,24,3,1,0,1,10,12
6.52062113,15,28,7,1,0,1,12,12
6.28039584,12,27,9,1,0,1,12,9
6.26149168,16,31,9,1,0,1,12,10
6.50279005,16,28,6,1,1,1,10,10
5.91350301,14,26,6,1,0,1,12,10.25
6.48920493,15,26,5,1,0,1,12,12
6.55108034,12,34,16,1,0,1,9.94,10.25
5.73979291,18,27,3,1,0,1,9,12
6.73459166,9,33,18,1,0,1,9.94,9
6.49223984,14,31,11,1,0,1,10,12
6.53958596,16,31,9,1,0,1,8,9
6.35784227,15,28,7,1,0,1,9.94,7
6.5581978,17,26,3,1,0,1,9,12
5.6767538,16,27,5,1,1,1,5,8
6.62007321,13,26,7,1,0,1,8,11
7.27378632,16,34,12,1,0,1,12,12
7.09174212,16,33,11,1,0,1,16,16
7.37963215,15,33,12,1,1,1,9.94,8
6.64509097,14,32,12,1,1,1,9.94,12
6.24027585,16,31,9,1,0,1,14,16
6.69084228,12,31,13,1,0,1,9.94,8
6.86901445,17,34,11,1,0,1,8,8
6.51471269,12,25,7,1,0,1,16,16
5.98645201,13,24,5,1,0,1,8,8
6.75110147,14,33,13,1,0,1,12,12
6.54103,11,25,8,1,0,1,9.94,9
6.46302946,11,24,7,1,0,1,8,9
5.84354442,13,27,8,1,0,1,10,8
6.32972091,12,27,9,1,0,1,9.94,10.25
6.52795792,12,24,6,1,0,1,9,11
6.15060277,16,29,7,1,1,1,16,16
5.70378247,16,26,4,1,0,1,12,12
6.51174533,18,25,1,1,0,1,12,9
5.95324333,16,24,2,1,0,1,12,9
6.69456206,16,33,11,1,0,1,8,6
6.30627529,17,24,1,1,0,1,12,12
6.2146081,16,26,4,1,0,1,12,12
6.58892648,13,29,10,1,0,1,11,12
6.26149168,16,28,6,1,0,1,11,12
6.10924758,15,24,3,1,0,1,2,8
6.62671775,12,28,10,1,0,1,6,8
6.46146818,12,24,6,1,0,1,11,10.25
5.74620319,12,24,6,1,0,1,10,12
7.26192709,12,29,11,1,0,1,12,12
6.63463336,12,28,10,1,0,1,11,5
6.39692966,12,26,8,1,0,1,11,5
7.01301579,16,32,10,1,0,1,12,15
6.63725803,16,33,11,1,0,1,13,17
6.47697236,12,32,14,1,0,1,8,8
7.05185562,14,27,7,1,0,1,16,16
6.39692966,12,24,6,1,0,1,9,12
6.31896811,12,29,11,1,0,1,11,11
6.29710932,11,28,11,1,0,1,11,11
6.30991828,11,25,8,1,0,1,11,11
6.68461173,11,31,14,1,0,1,9.94,10.25
6.90775528,11,26,9,1,0,1,10,11
6.76157277,12,31,13,1,0,1,13,11
6.41836494,13,32,13,1,0,1,9.94,6
6.25190388,16,24,2,1,0,1,12,12
6.56103067,13,30,11,1,0,1,9.94,10.25
6.70686234,13,26,7,1,0,1,10,10
5.70378247,10,25,9,1,0,1,10,12
6.5539334,16,30,8,1,0,1,9,9
7.18690102,16,34,12,1,0,1,9.94,12
5.94017125,12,27,9,1,0,1,9.94,12
5.99146455,11,26,9,1,0,1,9.94,10.25
6.21060008,11,25,8,1,0,1,9.94,10.25
6.49677499,10,33,17,1,0,1,9.94,11
6.39692966,10,33,17,1,0,1,8,11
6.94119006,18,32,8,0,1,1,16,12
6.98378997,14,25,5,1,0,1,12,12
5.99146455,18,24,0,1,1,1,12,12
6.46302946,16,33,11,1,0,1,13,12
6.42971948,12,32,14,1,0,1,9.94,8
6.17586727,17,30,7,1,0,1,12,11
6.96413561,16,33,11,1,0,1,8,8
6.30078579,12,26,8,1,0,1,8,12
6.66695679,14,26,6,1,0,1,12,12
6.18414889,18,25,1,1,0,1,12,12
6.58202514,14,34,14,1,0,1,11,11
6.54391185,15,28,7,1,0,1,12,12
6.30809844,15,34,13,1,0,1,12,12
6.67582322,15,32,11,1,0,1,15,12
7.56164175,16,33,11,1,1,1,18,16
6.67582322,15,33,12,1,0,1,12,12
6.80239476,15,28,7,1,0,1,9.94,10.25
6.48310735,14,32,12,1,0,1,8,8
6.24027585,12,27,9,1,0,1,12,12
5.95064255,14,29,9,1,0,1,9.94,12
6.2146081,16,27,5,0,1,1,16,16
6.39859493,15,25,4,1,0,1,12,11
6.08221891,12,27,9,1,0,1,12,12
6.2146081,12,25,7,1,0,1,12,12
7.14203657,18,33,9,1,0,1,9.94,18
6.61606519,14,26,6,1,1,1,12,14
6.24027585,14,27,7,1,0,1,12,12
6.55108034,12,33,15,1,1,1,9.94,10.25
6.51025834,16,29,7,1,0,1,14,12
6.89060912,17,30,7,1,0,1,9.94,10.25
5.39362755,13,29,10,0,0,1,12,12
7.09174212,18,33,9,1,0,1,12,12
6.50279005,12,30,12,0,0,1,12,12
6.7310181,14,28,8,1,0,1,9.94,10.25
6.09582456,15,25,4,1,0,1,12,12
6.29710932,12,25,7,1,0,1,10,12
6.22455843,14,30,10,1,1,1,12,12
6.68085468,12,31,13,0,0,1,9.94,10.25
5.87773578,9,24,9,1,0,1,10,8
6.2146081,12,27,9,1,0,1,12,8
6.86901445,12,34,16,1,0,1,9.94,8
5.85793315,11,28,11,1,0,1,6,5
5.74620319,15,24,3,1,0,1,6,5
4.76217393,16,24,2,1,1,1,17,13
6.58755001,12,33,15,1,0,1,10,8
6.28413416,13,33,14,1,0,1,9.94,11
6.27664349,13,26,7,1,1,1,12,12
6.0591232,17,28,5,1,1,1,9.94,10.25
6.99759598,16,34,12,1,0,1,15,13
7.56268125,12,33,15,1,0,1,9.94,9
6.74523635,18,32,8,1,1,1,10,12
5.89989735,12,24,6,1,0,1,11,11
6.16120732,16,26,4,1,0,1,12,8
6.48616079,13,26,7,1,0,1,11,10
6.08677473,12,25,7,1,0,1,11,10
6.13556489,14,25,5,1,0,1,10,11
6.51174533,16,28,6,1,0,0,9,10.25
7.04751722,12,24,6,1,0,0,12,12
6.68461173,12,31,13,1,0,0,9.94,10.25
6.13122649,12,25,7,1,0,0,9.94,12
5.81114099,12,26,8,1,0,0,9.94,10.25
6.5539334,13,26,7,1,0,0,6,8
6.26149168,12,25,7,1,0,0,6,8
6.50279005,7,33,20,0,0,1,9.94,8
6.46302946,18,26,2,1,0,1,12,12
6.68461173,12,24,6,1,0,1,12,12
6.35784227,12,32,14,1,0,1,9.94,12
6.04737218,18,32,8,0,0,1,12,12
6.77308038,18,29,5,1,0,1,9.94,10.25
6.46146818,15,28,7,1,0,1,9.94,12
7.00397414,16,29,7,1,1,0,12,14
6.47543272,16,26,4,1,0,0,12,14
6.10924758,12,26,8,1,1,0,8,8
6.82871207,12,33,15,1,0,0,9.94,9
6.5482191,11,27,10,1,0,0,9.94,9
6.22455843,15,34,13,1,0,0,9.94,10.25
6.32076829,16,28,6,1,1,0,12,13
5.92692603,17,25,2,0,0,0,12,13
6.51174533,15,28,7,1,1,0,12,12
5.73009978,13,30,11,1,0,0,8,8
6.37161185,12,34,16,1,0,0,12,12
6.66057515,12,24,6,1,0,0,12,13
6.48616079,12,27,9,1,0,1,9.94,8
6.04737218,12,28,10,1,0,1,8,5
7.15617664,16,28,6,1,0,1,12,12
6.86901445,12,25,7,1,0,1,11,12
6.68461173,12,30,12,1,0,1,4,16
6.62007321,12,33,15,1,0,1,12,12
6.47234629,18,29,5,1,0,1,12,12
6.84374995,12,29,11,1,0,1,10,12
6.28599809,17,28,5,1,0,1,17,12
5.66988092,15,24,3,1,0,1,13,16
5.25749537,12,29,11,0,1,1,6,8
6.70686234,18,30,6,1,0,1,9.94,10.25
6.70073111,18,30,6,1,0,1,9.94,13
6.58892648,12,29,11,1,0,1,10,12
7.02553831,12,24,6,1,0,1,10,12
6.42162227,17,28,5,1,0,1,14,10.25
5.99893656,12,26,8,1,0,1,14,10.25
6.5581978,11,26,9,1,0,1,8,9
5.82008293,15,27,6,1,0,1,11,12
6.72503364,17,28,5,1,0,1,11,12
5.25749537,17,26,3,1,0,1,11,12
6.59304453,12,26,8,1,0,1,12,12
6.295266,10,26,10,1,0,1,9,11
6.7129562,12,28,10,0,0,1,11,11
6.08221891,12,26,8,1,1,1,11,11
6.5998705,14,24,4,1,1,1,11,11
6.05678401,16,24,2,1,0,1,14,12
5.82894562,12,30,12,0,0,1,11,12
6.17586727,13,34,15,1,1,1,14,11
6.70563909,16,32,10,1,0,1,10,12
6.2146081,12,28,10,0,0,1,12,12
6.29710932,12,25,7,1,0,1,9.94,10.25
6.10255859,16,26,4,1,0,1,9.94,11
5.37989735,15,25,4,0,0,1,9.94,11
5.6167711,8,26,12,1,0,1,3,6
5.86363118,15,24,3,1,0,1,8,10
6.58063914,12,29,11,0,0,1,8,10
6.91572345,12,27,9,0,0,1,3,8
6.48310735,17,29,6,1,0,1,8,12
6.68835471,16,26,4,1,0,1,9.94,16
6.34563636,12,27,9,1,0,1,8,12
6.39692966,16,25,3,1,0,1,12,12
6.46925032,12,24,6,1,0,1,9.94,10.25
6.10924758,13,26,7,1,0,1,14,10
6.09807428,13,26,7,1,1,1,9.94,2
6.38012254,15,29,8,0,0,1,12,11
6.58063914,14,25,5,1,0,1,8,12
6.54103,12,32,14,1,0,1,8,8
6.27098843,13,26,7,1,1,1,8,8
6.15273269,9,30,15,1,0,1,8,8
6.17586727,16,26,4,1,0,1,16,13
6.13556489,16,25,3,1,0,1,16,13
6.31716469,17,33,10,1,0,1,6,9
6.76272951,14,32,12,1,0,1,12,12
6.56948142,16,30,8,0,0,1,9.94,12
6.60665019,12,24,6,0,0,1,9.94,12
6.70563909,14,28,8,1,0,1,9.94,10
6.51767127,12,34,16,1,0,1,11,12
6.68085468,16,29,7,1,0,1,12,12
6.64509097,13,24,5,1,0,1,13,17
6.13556489,16,25,3,1,0,1,12,16
6.25190388,14,24,4,1,0,1,12,12
5.97380961,12,25,7,0,0,1,12,10.25
6.68461173,13,32,13,1,1,1,9,7
6.51174533,17,27,4,1,0,0,14,12
6.17586727,16,33,11,0,0,0,9.94,10.25
6.8145429,12,32,14,0,0,0,8,12
6.17586727,12,25,7,0,0,0,8,8
6.2146081,11,33,16,0,0,0,8,8
5.95324333,16,24,2,0,0,0,12,12
6.07764224,12,24,6,1,0,0,12,11
6.26530121,12,25,7,0,0,0,7,8
6.81673588,14,29,9,0,0,0,12,8
6.295266,16,25,3,0,0,0,12,15
6.64509097,13,28,9,0,0,0,4,16
5.420535,12,24,6,0,0,0,8,8
6.56667243,18,27,3,0,0,0,12,12
5.84643878,18,34,10,0,0,0,8,8
6.66822825,12,32,14,0,0,0,8,8
6.12029742,14,26,6,1,0,0,10,12
6.13122649,16,24,2,1,0,0,10,12
5.62401751,13,26,7,0,0,0,9.94,14
6.69456206,17,34,11,1,0,0,8,12
6.43615037,14,27,7,0,0,0,12,14
6.54678541,12,26,8,1,0,0,8,12
5.9348942,14,26,6,0,0,0,8,12
6.15909539,12,24,6,0,0,0,8,12
6.05208917,12,24,6,0,0,0,8,12
6.47543272,16,24,2,0,0,0,8,12
6.19644413,15,25,4,1,0,0,12,15
6.82871207,18,26,2,0,0,0,12,16
5.85793315,12,24,6,0,0,0,12,10
6.39692966,13,25,6,0,0,0,13,12
6.06145692,9,31,16,0,0,0,3,7
6.2146081,12,26,8,0,0,0,2,7
6.2146081,9,24,9,0,0,0,2,7
5.85793315,8,34,20,0,0,0,8,8
5.91350301,14,27,7,0,0,0,8,10
5.94017125,16,24,2,0,0,0,8,12
5.52146092,14,25,5,0,0,0,9,12
6.22653667,18,30,6,1,0,0,6,8
6.42810527,12,27,9,1,0,0,12,13
5.94279938,16,24,2,0,0,0,12,13
5.88887796,12,30,12,0,0,0,9.94,13
6.37672695,12,28,10,1,0,0,9.94,8
5.85793315,12,24,6,1,0,0,9.94,8
6.18208491,12,32,14,1,0,0,8,12
6.72743172,11,34,17,0,0,0,6,9
6.28226675,10,29,13,1,0,0,8,12
5.95324333,17,28,5,0,0,1,9.94,12
6.10924758,11,25,8,0,0,1,8,8
6.19644413,16,28,6,0,0,1,12,8
6.81783057,12,24,6,0,0,1,9.94,10
6.72262979,18,32,8,1,0,1,8,12
6.07304453,12,30,12,0,0,1,8,8
6.55108034,12,26,8,0,0,1,8,8
6.295266,10,26,10,0,0,1,8,8
5.44241771,16,24,2,0,0,1,12,13
5.97888576,12,34,16,0,0,0,12,9
6.58063914,12,25,7,1,0,0,9.94,10.25
7.07918439,12,25,7,0,0,0,8,15
6.2166061,12,25,7,1,0,0,8,10
5.81711116,16,24,2,1,0,1,16,13
6.33682573,12,32,14,0,0,1,8,8
6.87109129,17,34,11,0,1,0,6,12
7.22548147,12,33,15,1,0,0,12,12
6.68461173,12,28,10,1,0,0,12,12
6.41181827,12,30,12,1,0,0,7,11
6.50727771,16,25,3,1,0,0,12,12
6.09807428,11,25,8,1,0,0,8,7
6.18414889,13,25,6,1,0,0,10,12
6.56526497,18,32,8,0,0,0,12,16
6.8596149,12,32,14,0,0,0,9.94,10.25
6.1737861,11,25,8,0,0,0,10,8
6.2146081,13,27,8,1,0,0,12,12
6.12468339,16,26,4,1,1,0,12,12
6.58063914,18,24,0,0,0,1,18,12
6.5971457,12,24,6,0,0,1,9.94,12
5.79909265,12,33,15,0,0,1,8,12
6.01615716,12,27,9,0,0,1,8,11
6.18620862,12,27,9,0,0,1,8,8
6.86901445,18,31,7,1,1,1,9,13
5.88332239,16,24,2,0,0,1,12,12
5.79909265,12,24,6,0,0,0,9,12
6.43775165,12,28,10,0,0,0,9.94,10
6.20455776,12,26,8,0,0,0,5,8
6.48157713,12,29,11,0,0,0,12,12
6.58202514,12,27,9,0,0,0,15,12
6.55677836,12,25,7,0,0,0,15,12
6.24222327,9,29,14,0,0,0,1,3
6.43775165,12,31,13,1,0,0,14,12
6.43294009,18,29,5,0,0,0,12,15
6.05678401,15,26,5,1,0,0,12,15
6.48157713,12,29,11,0,0,0,12,12
6.46614472,12,30,12,0,0,0,12,12
6.35437004,12,34,16,1,0,0,12,12
5.74620319,13,34,15,0,1,0,9.94,10.25
6.49828215,18,24,0,0,0,0,9.94,16
6.31896811,13,32,13,0,0,0,8,13
5.70378247,18,24,0,1,0,0,12,12
6.4645883,15,28,7,0,0,0,12,16
6.50279005,14,28,8,1,0,0,12,8
7.18538702,18,28,4,1,0,0,15,13
6.22257627,12,24,6,1,0,0,9,9
6.66057515,16,25,3,1,0,0,12,12
6.70563909,14,25,5,1,0,0,12,12
6.25382881,12,28,10,0,0,0,12,6
6.35784227,12,27,9,0,0,0,12,6
5.92692603,11,25,8,0,0,0,12,6
6.2146081,12,24,6,0,0,0,12,8
6.43775165,16,28,6,1,0,0,12,12
6.52795792,16,34,12,0,0,0,9.94,10.25
6.15273269,14,26,6,0,0,0,12,12
6.44254017,13,27,8,0,0,0,12,12
6.26339826,13,24,5,0,0,0,12,8
6.31716469,12,32,14,0,0,0,8,8
6.46302946,16,25,3,1,0,1,12,12
6.24027585,13,34,15,1,0,1,8,12
6.4035742,12,27,9,1,0,1,12,12
6.55108034,13,33,14,1,0,1,8,15
6.40687999,12,33,15,1,0,1,8,12
6.92853782,12,33,15,1,0,1,9.94,12
6.57088296,12,31,13,1,0,1,16,12
6.2146081,12,28,10,1,0,1,8,8
6.36818719,12,28,10,1,0,1,14,8
6.55961524,12,31,13,1,0,1,5,8
6.25382881,16,30,8,0,0,1,11,12
6.48616079,16,29,7,1,0,1,9.94,10.25
6.52795792,16,28,6,1,0,1,16,14
5.62040087,13,25,6,1,0,1,11,11
6.56103067,13,34,15,1,0,1,9.94,12
6.66949809,12,34,16,1,0,1,8,11
7.18462915,18,31,7,1,0,1,18,12
6.00141488,14,28,8,1,0,1,9,8
5.70378247,16,25,3,1,0,1,12,12
6.51174533,12,26,8,1,0,1,12,12
6.58202514,12,34,16,1,0,1,9.94,8
6.64509097,16,26,4,0,0,1,8,2
6.63331843,16,30,8,0,0,1,6,12
6.07304453,18,30,6,0,0,1,11,12
7.08338785,13,34,15,0,0,1,12,8
6.13556489,17,31,8,0,0,1,9.94,4
5.91350301,12,24,6,0,0,1,12,12
6.1633148,12,30,12,0,0,1,12,12
6.07534603,12,28,10,0,0,1,12,12
5.80513497,12,26,8,0,0,1,8,12
6.46146818,16,31,9,1,0,1,12,12
6.22455843,12,34,16,0,0,1,9.94,6
6.43775165,16,29,7,0,0,1,10,12
6.13556489,12,31,13,0,0,1,9.94,8
6.70563909,17,27,4,1,1,1,16,16
6.07073773,17,24,1,1,0,1,9.94,13
6.46302946,14,25,5,1,0,1,15,12
5.4161004,15,25,4,0,0,1,15,12
6.58063914,15,34,13,1,0,1,9.94,14
6.58202514,16,26,4,1,0,1,12,12
6.70563909,16,29,7,1,0,1,16,16
6.49828215,16,27,5,1,0,1,16,13
6.79905586,18,28,4,1,0,1,12,12
6.67582322,11,34,17,1,0,1,9.94,10.25
6.28971557,15,31,10,1,0,1,10,12
6.79905586,11,27,10,1,0,1,10,12
6.58063914,15,30,9,1,0,1,13,12
6.82979374,13,24,5,1,0,1,12,12
6.23048145,12,28,10,1,0,1,8,10
6.83410874,16,32,10,1,0,1,8,10
6.5581978,17,33,10,1,0,1,9.94,10.25
6.76272951,12,30,12,1,0,1,9.94,5
6.25382881,16,24,2,1,0,1,12,12
6.03308622,12,24,6,1,0,1,10,8
5.58349631,15,26,5,1,0,1,10,10
6.43775165,15,24,3,1,0,1,16,14
6.84587988,12,31,13,1,0,1,9.94,12
6.64118217,16,25,3,1,0,1,16,12
6.68586095,9,29,14,1,0,1,10,12
6.56103067,15,28,7,1,0,1,10,12
6.52795792,12,30,12,1,0,1,9.94,10
6.03308622,16,26,4,1,0,1,9,12
6.39692966,18,29,5,1,0,1,8,12
6.52502966,15,25,4,1,0,1,9.94,13
6.82219739,18,31,7,0,0,1,12,9
6.60394382,12,32,14,1,0,1,9.94,10.25
7.06219163,12,28,10,1,0,1,10,12
6.63987583,11,29,12,1,0,1,10,10
6.86901445,12,26,8,1,0,1,10,10
5.70378247,18,27,3,1,0,1,12,12
6.48920493,16,24,2,1,0,1,12,12
6.13556489,12,26,8,1,0,1,8,8
6.58063914,12,24,6,1,0,1,8,8
6.76272951,12,25,7,1,0,1,8,12
6.39024067,11,24,7,1,0,1,7,5
6.81234509,12,32,14,1,0,1,8,10
6.95559261,12,29,11,1,0,1,8,10
6.12029742,13,34,15,1,1,1,9.94,10.25
6.51471269,12,27,9,0,1,1,9.94,10.25
6.58063914,12,24,6,1,0,1,9.94,10.25
6.39692966,7,33,20,1,0,1,8,8
6.82979374,12,28,10,1,0,1,8,8
6.62007321,12,28,10,1,0,1,6,6
6.33327963,12,28,10,1,0,1,6,6
6.43775165,14,26,6,1,0,1,12,10
5.70378247,10,29,13,0,0,1,9.94,10.25
7.22983878,12,27,9,0,0,1,8,12
6.15273269,14,25,5,1,0,1,12,12
6.66949809,12,28,10,1,0,1,12,12
5.43807931,16,25,3,1,0,1,8,12
5.96357934,10,27,11,0,0,0,12,12
5.75257264,12,33,15,1,0,0,7,12
5.87211779,17,29,6,1,0,0,3,5
6.2146081,8,26,12,1,0,0,5,8
6.47697236,11,33,16,0,0,0,8,11
6.70318811,12,27,9,1,0,0,8,11
6.47543272,13,26,7,0,0,0,13,12
6.07534603,12,29,11,1,0,0,9,10.25
6.39692966,11,27,10,0,0,0,10,15
5.32787617,13,26,7,1,1,0,16,14
6.17586727,12,27,9,1,1,0,12,11
6.18414889,13,24,5,1,1,0,12,10
6.63200178,18,29,5,1,0,0,12,12
6.90274274,12,26,8,1,0,0,12,12
7.06219163,12,29,11,1,0,1,9.94,10.25
5.74939299,16,25,3,1,0,1,12,12
6.81892407,13,25,6,1,0,1,14,12
6.49828215,13,26,7,1,0,1,16,12
6.6631327,12,29,11,1,0,1,9.94,8
6.47697236,13,32,13,1,0,1,8,12
5.58724866,9,27,12,1,1,1,12,6
5.87211779,8,33,19,0,0,1,8,8
6.08677473,8,33,19,0,0,1,9.94,10.25
6.1633148,11,30,13,1,0,1,6,12
6.58755001,11,32,15,1,0,1,5,10
6.58063914,16,28,6,1,0,1,17,12
6.33327963,12,34,16,1,0,1,9.94,10.25
6.39692966,12,26,8,1,0,1,12,13
6.53958596,15,25,4,1,0,1,13,12
6.04737218,15,28,7,1,0,1,10,11
6.66695679,12,24,6,1,0,1,14,10.25
7.09174212,12,31,13,1,0,1,8,12
6.35784227,16,34,12,1,0,1,9.94,18
6.453625,18,27,3,0,0,1,11,10
6.01615716,12,27,9,1,0,1,9.94,12
5.91350301,16,24,2,1,0,1,12,10
6.67076632,16,26,4,1,0,1,11,10
6.10924758,17,24,1,1,0,1,11,10
7.13169851,12,28,10,1,0,1,11,12
6.69456206,16,30,8,1,0,1,16,13
5.73009978,16,30,8,1,0,1,8,12
6.70563909,12,30,12,0,0,1,12,12
6.51174533,16,30,8,1,0,1,6,6
6.26149168,12,29,11,0,0,1,9.94,10.25
5.6167711,15,30,9,0,0,1,8,9
6.04737218,17,28,5,0,0,1,14,12
6.46302946,16,28,6,1,0,1,10,8
6.10924758,12,28,10,0,0,1,9,9
5.80814249,12,26,8,0,0,1,6,7
6.81673588,12,32,14,0,0,1,8,12
4.85203026,11,27,10,0,0,1,8,9
5.98141421,16,27,5,0,0,1,14,12
6.1633148,13,28,9,1,0,1,12,12
6.10924758,13,31,12,0,0,1,8,12
5.70378247,16,24,2,0,0,1,12,12
6.13556489,18,29,5,1,0,1,8,12
6.44571982,12,32,14,0,0,1,7,9
6.18414889,12,33,15,0,0,1,6,4
6.30809844,12,30,12,0,0,1,5,6
5.91889385,12,25,7,0,0,1,5,6
6.46302946,12,34,16,0,0,1,4,8
6.25190388,12,29,11,1,0,1,9.94,8
5.95324333,9,26,11,0,0,1,5,11
6.10924758,16,29,7,1,1,1,12,8
5.75257264,12,26,8,0,0,0,10,12
6.59441346,14,29,9,0,0,0,11,12
5.78382518,12,32,14,0,0,0,6,12
6.42324696,16,28,6,1,0,0,12,12
5.84643878,15,30,9,1,0,0,10,10
6.15485809,13,28,9,1,0,0,8,13
5.70378247,12,27,9,0,0,0,7,8
6.06378521,13,24,5,1,0,1,15,10
5.58724866,12,28,10,1,0,1,12,8
5.43807931,12,28,10,1,0,1,13,10
6.06842559,14,24,4,1,0,1,9.94,10
6.27476202,12,26,8,1,0,1,12,12
7.00306546,12,27,9,1,0,1,12,11
6.37672695,12,28,10,1,0,1,8,12
6.73459166,18,30,6,0,0,1,9.94,15
6.46302946,15,24,3,1,0,1,9.94,10
6.86901445,14,34,14,1,0,1,12,12
6.82546004,13,33,14,1,0,1,11,12
5.85793315,15,27,6,0,0,0,9.94,12
5.95324333,16,24,2,0,0,0,12,12
6.42648846,16,33,11,0,0,0,4,12
6.15273269,13,31,12,1,0,0,9.94,10.25
6.01859321,12,27,9,0,0,0,12,10.25
5.99146455,12,25,7,0,0,0,12,10
6.55108034,11,33,16,1,0,0,9,8
5.73979291,15,27,6,1,0,0,12,12
5.49306144,14,24,4,0,1,0,12,12
5.51342875,12,32,14,1,1,0,5,7
6.04737218,11,30,13,1,0,0,8,8
6.39692966,11,33,16,1,0,0,8,8
6.55108034,17,25,2,1,0,0,8,4
5.70378247,12,24,6,1,0,0,10,12
6.53813982,12,24,6,1,0,0,11,12
6.39692966,12,30,12,1,0,0,7,9
6.55108034,12,30,12,1,0,0,9.94,12
5.6167711,14,25,5,0,0,0,12,12
6.51471269,9,34,19,1,0,0,4,7
6.10702289,17,28,5,1,0,0,12,12
6.453625,16,30,8,1,0,0,12,12
7.13089883,14,29,9,0,0,0,10,9
6.86901445,18,29,5,1,0,0,8,18
6.19440539,18,25,1,0,0,0,10,13
6.37331979,12,24,6,0,0,0,10,13
6.62007321,14,33,13,0,0,0,9.94,12
5.78689738,18,26,2,0,0,0,12,12
6.06378521,18,29,5,1,0,0,17,12
6.34738921,12,26,8,1,0,0,12,11
6.81673588,16,28,6,0,0,0,9,12
6.35784227,14,30,10,0,0,0,4,10
6.07073773,11,32,15,0,0,0,9.94,10.25
6.22455843,12,24,6,0,0,0,9,8
6.58063914,18,34,10,0,0,1,9.94,8
6.86901445,16,33,11,1,0,1,14,8
6.41181827,12,31,13,1,0,1,13,14
6.10924758,12,25,7,0,0,1,12,12
6.43775165,12,33,15,0,0,0,10,12
6.56948142,14,26,6,0,0,0,10,12
6.56526497,12,24,6,0,0,0,8,10
6.81673588,16,32,10,1,0,0,10,11
6.03548143,8,24,10,0,0,0,8,8
6.53958596,13,29,10,0,0,0,16,13
5.56068163,12,34,16,1,0,0,9.94,10.25
6.47697236,13,26,7,1,0,0,16,12
6.41345896,14,25,5,1,0,0,16,12
6.58755001,12,29,11,1,0,0,10,14
6.6424868,13,32,13,1,0,0,11,8
6.42971948,12,27,9,0,0,0,11,12
6.58063914,16,27,5,1,0,0,9.94,12
6.24610677,18,26,2,1,0,0,12,14
5.99146455,12,25,7,0,0,0,11,10
6.69456206,14,27,7,1,1,0,13,13
6.13122649,12,24,6,0,0,0,7,7
6.4645883,17,32,9,0,0,0,18,12
6.25190388,12,28,10,0,0,0,8,8
6.34212142,12,24,6,1,0,0,10,12
6.54103,16,24,2,0,0,0,10,12
6.88550967,12,31,13,1,0,0,8,12
6.65801105,12,32,14,0,0,0,12,8
6.09356977,14,27,7,1,0,0,8,9
6.53958596,16,33,11,1,0,0,9,12
6.03308622,16,26,4,0,0,0,12,12
6.65027905,11,30,13,1,0,0,8,12
5.99146455,15,26,5,1,0,0,9.94,8
6.80239476,12,27,9,1,0,0,9.94,11
6.55108034,16,31,9,0,0,0,12,8
6.18414889,16,24,2,0,0,0,8,12
6.79570578,16,29,7,1,0,0,8,9
6.62007321,18,29,5,1,0,0,9.94,10.25
6.96129605,13,33,14,0,0,0,9.94,8
6.8384052,12,28,10,0,0,0,10,10.25
6.34212142,12,26,8,0,0,0,10,12
6.89467004,16,25,3,1,0,0,8,12
6.64509097,16,24,2,1,0,0,8,12
6.4738907,12,27,9,0,0,0,8,12
6.10702289,16,30,8,0,0,0,12,14
6.3630281,12,27,9,0,0,0,10,12
6.30991828,8,33,19,0,0,0,7,10
6.68461173,12,29,11,1,0,0,9,12
5.07517382,12,24,6,1,0,0,12,12
6.13556489,17,28,5,1,0,0,16,17
6.05208917,14,25,5,1,0,0,12,12
6.39692966,8,32,18,1,0,0,8,12
6.76388491,17,26,3,1,0,0,12,12
6.52649486,12,28,10,1,0,0,9.94,10
7.01660968,12,27,9,1,0,0,12,11
7.00306546,12,26,8,1,0,0,12,11
5.65599181,12,24,6,0,0,0,12,11
6.24027585,14,28,8,1,0,0,12,12
6.47697236,13,26,7,1,0,0,12,12
6.94601399,12,31,13,1,0,0,12,9
6.55108034,12,26,8,1,0,0,12,9
5.75257264,18,31,7,1,0,1,12,12
5.7365723,12,33,15,0,0,1,7,8
5.81413053,11,27,10,0,0,1,9.94,10.25
6.24997524,11,25,8,0,0,1,9.94,10.25
6.56385553,16,28,6,1,0,1,12,12
6.43454652,12,25,7,0,0,1,8,12
5.69709349,13,28,9,0,0,1,8,12
6.43775165,14,24,4,1,0,1,10,12
6.64509097,16,29,7,1,0,1,8,12
6.12905021,16,28,6,1,0,1,8,8
6.30991828,12,31,13,0,0,1,6,10.25
6.15273269,14,29,9,0,0,1,12,11
5.98141421,12,33,15,0,0,1,8,8
6.38687932,14,25,5,0,0,1,12,12
6.94601399,16,28,6,0,0,1,18,15
5.99146455,12,34,16,1,0,1,8,8
6.5482191,12,26,8,0,0,1,11,12
6.56948142,16,26,4,0,1,1,8,13
6.30991828,12,24,6,0,0,1,8,11
5.80814249,14,27,7,0,0,1,8,14
6.96413561,12,29,11,1,0,1,12,12
6.38012254,11,30,13,1,0,1,9.94,10.25
6.45047042,12,24,6,1,0,1,9.94,10.25
6.2146081,10,26,10,1,0,1,9.94,10.25
6.66949809,14,28,8,1,0,1,12,12
6.72383244,18,31,7,1,0,1,13,12
6.28971557,12,26,8,1,0,1,6,12
6.35784227,18,28,4,1,0,1,8,12
6.69456206,14,30,10,1,0,1,12,12
6.58202514,14,30,10,1,0,1,14,16
6.39692966,12,26,8,1,1,1,12,12
6.11368218,10,28,12,1,1,1,8,6
5.70378247,7,27,14,1,1,1,4,8
5.97380961,12,26,8,1,1,1,9.94,10
5.29831737,12,26,8,1,1,1,9.94,7
6.62007321,9,33,18,0,1,1,9.94,7
6.51174533,16,26,4,0,1,1,12,12
6.89669433,14,30,10,1,1,1,12,14
6.77992191,17,27,4,1,1,1,12,14
6.80793494,13,26,7,0,1,1,12,12
5.52146092,14,34,14,1,1,1,9.94,10
6.25382881,10,28,12,1,1,1,5,12
5.87493073,12,27,9,1,1,1,5,12
5.62762111,12,24,6,1,1,1,5,12
5.99146455,12,25,7,1,1,1,11,11
5.6094718,10,28,12,1,1,1,9.94,8
6.2146081,11,31,14,1,1,1,7,12
6.4019172,11,33,16,1,1,1,6,12
5.99146455,12,25,7,1,1,1,9,11
6.1633148,12,28,10,1,1,1,9.94,10
7.00306546,12,33,15,1,1,1,9.94,15
5.82008293,14,26,6,1,1,1,12,12
6.28785856,11,27,10,1,1,1,16,12
6.00141488,13,26,7,1,1,1,9.94,8
6.62936325,16,27,5,1,1,1,17,16
6.31716469,16,33,11,1,1,1,18,16
6.35784227,16,29,7,1,1,1,12,11
6.06842559,15,26,5,1,1,1,12,10
6.30991828,11,29,12,1,1,1,5,12
6.68085468,16,24,2,1,1,1,16,12
6.10924758,14,27,7,1,1,1,16,14
6.69332367,13,29,10,1,1,1,10,11
6.39692966,13,24,5,1,1,1,10,11
6.8384052,13,34,15,1,1,1,6,6
6.17586727,11,33,16,0,1,1,9.94,10
6.43454652,12,29,11,1,1,1,9,8
5.79301361,10,27,11,1,1,1,4,11
6.39692966,16,26,4,1,1,1,6,8
6.54103,14,27,7,1,1,1,5,8
6.82762923,15,33,12,1,1,1,12,12
6.58063914,12,28,10,1,1,1,12,12
6.29156914,12,25,7,1,1,1,12,9
6.12905021,13,27,8,1,1,1,12,9
6.18414889,13,27,8,1,1,1,11,11
5.85793315,12,25,7,1,1,1,9.94,11
5.29831737,16,25,3,1,1,1,18,16
6.25382881,10,30,14,1,1,1,3,10.25
5.52146092,12,25,7,1,1,1,6,12
6.22257627,11,28,11,1,0,1,9.94,10.25
5.89440283,12,28,10,1,1,1,9,8
6.48310735,11,33,16,1,1,1,9.94,10.25
6.05208917,12,32,14,1,1,1,5,10.25
5.50125821,12,31,13,1,1,1,9.94,10.25
5.52146092,11,25,8,1,1,1,9.94,8
6.7787849,13,32,13,1,0,1,0,10.25
6.53233429,12,26,8,1,1,1,6,6
5.99645209,11,32,15,1,1,1,9.94,10.25
6.0591232,12,31,13,1,1,1,6,10.25
5.78382518,13,24,5,1,1,1,10,12
6.58617165,17,27,4,1,1,1,16,12
6.65929392,12,25,7,1,1,1,3,8
5.5759491,14,27,7,1,1,1,9.94,8
6.10924758,12,32,14,1,1,1,6,9
5.84643878,14,27,7,1,1,1,8,8
5.85793315,13,24,5,1,1,1,6,3
5.99146455,13,24,5,1,1,1,10,13
6.88755257,12,32,14,1,1,1,2,6
5.95324333,12,29,11,1,1,1,9.94,5
5.84064166,17,28,5,1,0,1,9.94,11
6.33327963,16,25,3,1,1,1,7,9
6.13772705,7,29,16,1,1,1,12,12
6.33682573,12,28,10,1,1,1,9.94,10.25
6.45833828,12,27,9,1,1,1,5,9
6.13556489,10,30,14,1,1,1,9.94,5
6.50727771,13,27,8,1,1,1,9.94,10.25
6.00141488,13,24,5,1,1,1,9.94,10.25
5.92157842,17,25,2,1,1,1,11,9
5.43807931,12,24,6,1,1,1,9.94,10.25
6.32435896,12,32,14,1,1,1,9.94,10.25
5.70378247,8,29,15,1,1,1,6,7
6.81673588,14,29,9,1,1,1,9.94,12
6.32435896,18,27,3,1,1,1,12,8
6.27098843,13,33,14,1,1,1,9.94,12
5.79909265,15,26,5,1,1,1,5,7
5.92692603,9,26,11,1,1,1,13,11
6.42162227,13,24,5,1,1,1,13,11
6.58063914,14,27,7,0,1,1,12,12
6.27098843,16,25,3,1,0,1,12,12
6.75576892,12,34,16,1,1,1,6,12
6.47543272,14,27,7,1,1,1,16,11
5.47227067,10,24,8,1,1,1,16,11
5.6167711,12,34,16,1,1,1,8,6
5.78382518,14,26,6,1,1,1,9.94,13
5.87773578,14,29,9,1,0,1,9.94,16
5.95324333,12,30,12,1,1,1,9.94,10
5.89989735,14,24,4,1,1,1,12,15
6.68461173,8,33,19,1,1,1,6,4
6.17794411,12,34,16,1,1,1,5,12
6.86171134,17,29,6,1,1,1,12,8
6.13556489,17,26,3,1,1,1,7,12
6.03308622,16,28,6,0,1,1,2,8
5.66988092,10,25,9,1,1,1,2,8
5.48063892,12,24,6,1,1,1,12,12
6.72022016,12,31,13,1,1,1,9.94,10.25
5.88887796,12,32,14,1,1,1,12,12
6.39359075,16,28,6,0,1,1,11,12
6.62007321,13,25,6,1,1,1,7,10
5.95324333,16,25,3,1,1,1,12,11
6.42971948,16,28,6,1,1,1,9.94,10
6.46302946,13,34,15,1,1,1,14,12
6.1484683,16,26,4,1,1,1,12,9
5.95324333,13,24,5,1,1,1,12,9
6.13556489,12,25,7,1,1,1,11,12
6.453625,12,27,9,1,1,1,14,10
5.99146455,12,26,8,0,0,1,14,10
6.63331843,13,27,8,1,1,1,12,10
6.32793678,13,27,8,1,1,1,12,10
6.90775528,12,34,16,1,1,1,3,10.25
6.05208917,11,28,11,1,1,1,6,6
6.01859321,12,30,12,1,1,1,9.94,9
5.18738581,11,25,8,1,1,1,9.94,3
5.92692603,18,32,8,1,1,1,14,12
7.1685799,18,28,4,1,1,1,16,12
6.16541785,15,30,9,1,0,1,8,14
6.65286303,16,27,5,1,1,1,8,8
6.57088296,12,27,9,1,1,1,10,10
6.06145692,10,28,12,1,1,1,9.94,9
6.07534603,13,24,5,1,1,1,10,11
6.77422389,13,26,7,1,1,1,9.94,7
6.04973346,14,33,13,1,1,1,9.94,11
5.92692603,12,25,7,1,1,1,9.94,11
6.19236249,12,25,7,1,1,1,9.94,10.25
6.13556489,15,24,3,1,1,1,12,7
5.82894562,12,34,16,1,1,1,8,10.25
6.36475076,12,30,12,1,1,1,9.94,12
6.2441669,12,27,9,1,1,1,7,12
6.95939851,12,25,7,1,1,1,7,12
6.1633148,12,30,12,1,1,1,10,11
7.31455283,18,32,8,1,1,1,14,9
6.86901445,15,33,12,1,0,1,12,14
5.43807931,15,30,9,1,1,1,14,18
6.62007321,18,29,5,1,1,1,14,18
5.4161004,15,26,5,1,1,1,12,12
5.80211838,13,26,7,1,1,1,12,10.25
5.98393628,11,26,9,1,1,1,9.94,10.25
6.62007321,10,34,18,1,1,1,10,10.25
6.10924758,12,25,7,1,1,1,8,12
6.76272951,13,25,6,1,1,1,9,7
6.28226675,8,24,10,1,1,1,9,10
6.74051936,16,27,5,1,0,1,12,8
6.63200178,16,26,4,1,0,1,12,8
6.39692966,16,24,2,1,1,1,12,8
6.93731408,12,34,16,1,1,1,8,10.25
6.77536609,14,32,12,1,1,1,10,8
6.34212142,12,32,14,1,1,1,9.94,10.25
6.27852142,16,25,3,1,1,1,14,14
6.17586727,12,25,7,1,1,1,10,8
6.4035742,12,28,10,1,1,1,9.94,11
6.48768402,12,27,9,1,1,1,12,12
6.43775165,12,31,13,1,1,1,9.94,12
5.6347896,12,29,11,1,1,1,9.94,10
6.2146081,10,28,12,1,1,1,8,7
6.28226675,12,26,8,1,1,1,8,7
6.70686234,10,26,10,1,1,1,9.94,10.25
6.43615037,10,34,18,1,1,1,9.94,10.25
6.4035742,10,28,12,1,1,1,9.94,9
6.22455843,12,31,13,1,0,1,12,12
6.62007321,12,30,12,1,0,1,12,12
6.58063914,12,32,14,1,0,1,11,8
6.51323011,18,32,8,1,0,1,12,12
6.81673588,16,33,11,1,1,1,17,12
6.7787849,17,30,7,1,1,1,18,18
6.05678401,12,26,8,1,1,1,8,13
6.67456139,8,24,10,1,1,1,12,12
5.78996017,14,29,9,1,1,1,10,10
5.74620319,10,30,14,1,1,1,9.94,10.25
6.66695679,16,34,12,1,0,1,14,12
5.82008293,18,31,7,1,0,1,14,12
5.95324333,10,30,14,1,1,1,9.94,4
6.27098843,16,27,5,1,1,1,8,8
6.06145692,10,33,17,0,1,1,9.94,10.25
6.8916259,12,27,9,0,0,1,7,7
6.70563909,12,34,16,1,1,1,3,8
6.61338422,14,32,12,1,1,1,7,8
5.84354442,10,24,8,1,1,1,4,0
6.31716469,14,34,14,1,1,1,9.94,12
5.57215403,13,24,5,1,1,1,6,12
6.61338422,18,32,8,1,1,1,16,16
6.51174533,17,29,6,1,1,1,13,13
6.58063914,17,32,9,1,1,1,14,13
6.08221891,13,30,11,1,1,1,9.94,11
6.30078579,12,26,8,1,1,0,9.94,12
5.52146092,14,25,5,1,1,0,9.94,12
6.43615037,14,27,7,1,1,0,9.94,11
5.99146455,13,29,10,1,1,0,8,10
6.35784227,16,29,7,1,1,0,16,16
6.70073111,16,25,3,1,1,0,18,18
6.43775165,12,34,16,1,1,0,12,11
6.18414889,14,26,6,1,1,0,12,11
6.73459166,16,28,6,1,1,0,10,12
6.76272951,16,27,5,1,1,0,10,12
5.78382518,16,26,4,1,1,0,14,12
6.16751649,14,26,6,1,1,0,9,10
5.52146092,16,25,3,1,1,0,9,10
6.2146081,12,24,6,1,1,0,10,9
6.2441669,13,25,6,1,1,0,8,10
5.54517744,18,28,4,1,1,0,9.94,5
6.57646957,13,24,5,1,1,0,9.94,5
6.67959919,18,30,6,1,0,0,17,13
6.62007321,12,25,7,1,1,0,10,12
6.03787092,12,24,6,1,1,0,10,11
6.06610809,12,26,8,1,1,0,9.94,10.25
6.05208917,12,25,7,1,0,0,9.94,10.25
5.39362755,12,31,13,1,1,0,10,11
6.52941884,13,29,10,1,1,0,9,9
6.2146081,15,34,13,1,1,0,14,12
6.31173481,16,26,4,1,1,0,10,12
6.55108034,11,25,8,1,1,0,12,12
6.56103067,12,32,14,1,1,1,8,8
6.25958146,17,28,5,1,1,1,18,14
6.07073773,12,24,6,1,1,1,0,3
6.13556489,14,25,5,1,1,1,5,4
5.98393628,12,24,6,1,1,1,5,4
5.99146455,15,26,5,1,1,1,9,5
6.77078942,18,28,4,1,0,1,14,8
5.9348942,12,26,8,1,1,1,7,10
5.89715387,12,27,9,1,1,1,5,8
6.86901445,15,31,10,1,1,1,12,10
6.68586095,15,30,9,1,1,1,12,15
5.99146455,5,32,21,1,1,1,0,4
6.29156914,13,29,10,1,1,1,9.94,12
6.10924758,10,30,14,1,1,1,9,9
6.08221891,15,27,6,1,1,1,9.94,16
5.88610403,12,26,8,1,1,1,4,9
6.27098843,12,27,9,1,1,1,12,12
6.58063914,12,26,8,1,1,1,9.94,10.25
5.84354442,2,31,23,1,1,1,9.94,10
6.95844839,11,27,10,1,0,1,9.94,10.25
6.58755001,16,28,6,1,1,1,16,10.25
6.29710932,12,33,15,1,0,1,9.94,10.25
7.09174212,16,33,11,1,0,1,8,6
5.99146455,16,24,2,1,1,1,9.94,12
5.92692603,9,32,17,1,1,1,9.94,10.25
5.63835467,11,30,13,1,1,1,9.94,10.25
4.84418709,12,24,6,1,1,1,9.94,10
7.23921497,12,32,14,1,0,1,9.94,7
6.47543272,12,30,12,0,1,1,10,9
6.04025471,16,31,9,1,1,1,11,8
6.12029742,16,27,5,1,1,1,11,8
6.49375384,12,25,7,1,1,1,9,6
5.94017125,12,24,6,0,1,1,12,8
5.75257264,10,34,18,1,1,1,9.94,10.25
6.11368218,14,24,4,1,1,1,9.94,10.25
6.43775165,12,28,10,1,1,1,12,12
6.39859493,14,24,4,1,1,1,8,10.25
6.2126061,13,27,8,1,1,1,7,12
6.54103,8,31,17,1,1,0,8,10
6.28226675,18,32,8,0,1,1,15,15
6.14203741,7,26,13,1,0,1,1,8
5.99146455,12,24,6,0,1,1,9.94,9
5.90808294,18,27,3,0,1,1,17,16
6.55108034,8,25,11,0,1,1,4,5
6.86901445,16,31,9,1,0,1,16,12
5.89989735,6,24,12,0,1,1,9.94,8
6.1633148,9,33,18,0,1,1,7,3
5.29831737,12,24,6,0,1,1,7,3
6.39692966,9,24,9,1,0,1,9.94,10.25
6.22455843,12,27,9,1,0,1,8,10.25
6.35784227,16,31,9,1,1,1,12,12
6.12468339,12,24,6,0,1,1,6,12
6.62007321,12,34,16,1,1,1,9.94,10.25
6.35784227,11,32,15,0,1,1,2,11
5.66642669,15,24,3,1,1,1,17,16
5.41164605,12,25,7,1,1,1,15,9
5.89440283,10,24,8,1,1,1,15,9
5.433722,10,26,10,1,1,1,9.94,8
5.45532112,9,26,11,1,1,1,2,9
6.14203741,14,24,4,1,1,1,9.94,7
7.64156444,16,27,5,1,1,1,9.94,10.25
6.05678401,15,31,10,1,1,1,12,12
6.51914729,12,33,15,1,1,1,8,9
5.74620319,13,27,8,0,1,1,18,16
6.39859493,18,28,4,1,1,1,7,12
6.2146081,10,33,17,1,1,1,6,12
5.92692603,12,28,10,1,1,1,6,12
6.30991828,12,34,16,1,1,1,2,6
6.5539334,17,28,5,1,0,1,9.94,12
6.43775165,16,33,11,1,1,1,9.94,14
6.04737218,14,34,14,1,1,1,9.94,6
5.87211779,11,28,11,1,1,1,9.94,8
6.25190388,12,26,8,1,1,1,9,12
5.88332239,14,24,4,1,1,1,9,12
5.85507192,11,27,10,1,1,1,9.94,7
5.68017261,12,31,13,1,1,1,6,5
6.09356977,18,28,4,1,1,1,9.94,5
5.59842196,6,34,22,1,1,1,6,6
5.95324333,14,28,8,1,1,1,16,13
6.08221891,12,27,9,1,1,1,9.94,12
6.03308622,11,30,13,1,1,1,9.94,10.25
6.17586727,11,31,14,1,1,1,6,10.25
6.39024067,16,30,8,1,1,1,16,12
6.39692966,12,28,10,1,1,1,3,8
5.52146092,14,27,7,1,1,1,9.94,9
6.27476202,12,31,13,1,1,1,6,10
6.38181602,12,26,8,1,1,1,6,10
6.22059017,12,33,15,1,0,1,9.94,10.25
6.1633148,11,25,8,1,0,1,9.94,9
7.22548147,16,31,9,1,1,1,12,12
5.78382518,17,24,1,1,0,1,17,12
6.35784227,14,25,5,1,1,1,6,12
6.5539334,12,25,7,1,0,1,9.94,11
6.09582456,16,25,3,1,1,1,16,14
6.32793678,13,27,8,1,1,1,12,12
6.86901445,13,32,13,1,1,1,8,8
5.7365723,12,26,8,1,1,1,9.94,7
7.14598447,17,33,10,1,1,1,16,16
6.2146081,16,28,6,1,0,1,16,16
6.36818719,16,30,8,1,0,1,16,16
4.71849887,17,25,2,1,0,1,16,16
6.51174533,14,33,13,1,0,1,13,12
7.56164175,17,29,6,1,1,1,14,12
5.99146455,14,24,4,1,1,1,12,12
6.13122649,12,25,7,1,1,1,12,12
5.50125821,12,30,12,1,1,1,9.94,12
5.75257264,16,27,5,1,1,1,12,12
6.46302946,14,26,6,1,1,1,8,10
6.62007321,12,25,7,1,1,1,8,10
5.73009978,17,25,2,1,0,1,18,18
5.85793315,17,29,6,1,0,1,18,16
6.13556489,18,27,3,1,0,1,18,16
7.05098945,15,34,13,1,0,1,12,12
7.46622756,16,34,12,1,1,1,12,12
6.64509097,17,33,10,1,0,1,15,12
6.59304453,15,29,8,1,0,1,12,11
6.60123012,18,30,6,0,1,1,13,17
6.2146081,16,25,3,0,1,1,14,13
5.89989735,16,24,2,0,1,1,12,12
5.80814249,13,24,5,1,1,1,3,3
6.58063914,12,33,15,0,1,1,4,8
5.92692603,12,27,9,0,1,1,3,3
5.52146092,12,26,8,0,1,1,9,5
5.88887796,17,30,7,0,1,1,4,8
5.6454469,7,32,19,0,1,0,9.94,4
6.02827852,12,34,16,0,1,0,9.94,18
6.25766759,16,27,5,0,1,0,8,11
6.55961524,12,33,15,0,1,0,11,11
6.01371516,16,26,4,0,1,0,10,11
6.03068526,12,24,6,0,1,0,7,12
6.66695679,12,30,12,1,0,0,9.94,8
6.35784227,16,27,5,0,1,0,12,16
6.16961073,16,24,2,0,1,0,16,12
6.43775165,17,27,4,1,1,0,13,16
6.22455843,17,24,1,0,1,0,12,16
5.65948222,12,32,14,0,1,0,1,8
6.2146081,12,24,6,1,1,0,6,8
6.2146081,8,27,13,1,1,0,7,8
5.85793315,12,27,9,0,1,0,7,12
6.13556489,13,24,5,0,1,0,12,11
6.30627529,13,30,11,0,1,0,6,1
5.54126355,12,28,10,0,1,0,6,3
6.26149168,13,24,5,1,1,0,4,1
5.6767538,12,33,15,0,1,0,5,9
5.92692603,14,28,8,1,1,0,7,7
6.27098843,18,32,8,1,1,0,7,11
6.81234509,16,25,3,0,1,0,10,12
5.86646806,9,28,13,1,1,0,9.94,7
7.05185562,14,28,8,1,1,0,12,12
5.52146092,8,34,20,1,1,0,9.94,10.25
6.66057515,13,28,9,1,1,0,12,12
6.03068526,13,31,12,1,1,0,16,12
5.89715387,13,29,10,0,1,1,7,11
5.92692603,13,27,8,1,1,1,9.94,11
5.92692603,15,24,3,0,1,1,7,11
5.88053299,16,28,6,0,1,1,9.94,5
5.70378247,7,31,18,0,1,1,9.94,2
6.26909628,14,25,5,0,1,1,16,16
5.70044357,12,34,16,0,1,1,9.94,10.25
6.10924758,8,32,18,0,1,1,0,8
6.29156914,14,25,5,0,1,1,6,10
6.26909628,8,29,15,0,1,1,1,6
6.64509097,12,30,12,0,1,1,9.94,12
5.28826703,12,26,8,1,0,1,5,8
5.99146455,12,24,6,1,0,1,2,3
6.62406523,12,28,10,1,0,1,9.94,6
6.09807428,12,24,6,1,0,1,9.94,10.25
5.48063892,9,30,15,0,1,1,3,5
5.11799381,3,25,16,0,1,1,9.94,5
6.09807428,12,24,6,1,1,1,9,7
5.52146092,10,26,10,0,1,1,3,4
6.1633148,12,26,8,0,1,1,10,12
5.99146455,16,28,6,0,1,1,16,16
5.98645201,18,24,0,0,1,1,16,16
5.85793315,12,25,7,1,0,1,3,5
6.25958146,12,33,15,0,1,1,9.94,10.25
5.59842196,10,31,15,0,1,1,4,8
5.7365723,9,30,15,0,1,1,9.94,1
5.70378247,6,31,19,0,1,1,9.94,10.25
5.78382518,12,28,10,0,1,1,9.94,10.25
6.80239476,12,24,6,1,1,1,18,12
6.62007321,13,26,7,1,1,0,12,12
5.65248918,8,26,12,1,1,0,9.94,6
5.62762111,12,24,6,1,1,0,12,12
6.2146081,13,29,10,1,1,0,13,10
6.55108034,8,30,16,1,1,0,5,8
5.70378247,9,26,11,1,1,0,5,8
5.97126184,8,34,20,1,1,0,5,8
6.23636959,12,34,16,1,1,0,5,12
6.43615037,16,31,9,1,1,0,8,11
5.49716823,12,27,9,1,1,0,9.94,10.25
5.89440283,12,27,9,1,1,0,7,10.25
6.40687999,16,27,5,1,1,0,9.94,4
6.63331843,12,25,7,1,1,0,9.94,9
5.95324333,14,31,11,1,1,0,12,12
6.20455776,12,32,14,1,1,0,8,8
6.71901315,16,27,5,1,1,0,8,10
6.00141488,12,25,7,1,1,0,9.94,12
5.58724866,15,27,6,0,1,0,10,12
6.08677473,12,34,16,0,1,0,5,8
5.92692603,14,28,8,0,1,0,9.94,12
5.70711026,10,24,8,0,1,0,2,8
6.48920493,12,34,16,0,1,0,8,12
6.24222327,15,24,3,1,0,0,7,10
5.70378247,12,26,8,0,1,0,9.94,7
5.43807931,12,26,8,0,1,0,10,7
5.56068163,10,31,15,0,1,0,9.94,10.25
5.72031178,12,24,6,0,1,0,8,9
6.06378521,8,31,17,0,1,0,0,0
5.56068163,8,24,10,0,1,0,0,0
6.35784227,16,24,2,1,1,0,12,12
6.05208917,11,29,12,0,1,0,4,2
5.75257264,12,25,7,0,1,0,4,2
5.92692603,13,29,10,0,1,0,7,10
6.2146081,9,33,18,0,1,0,1,2
6.2146081,12,25,7,1,1,0,1,6
5.85793315,12,32,14,1,1,0,3,1
6.26339826,10,29,13,1,1,0,3,1
6.2146081,17,26,3,0,1,0,13,12
5.95324333,16,25,3,1,1,0,13,12
4.60517019,9,25,10,1,1,1,12,8
5.70378247,15,26,5,1,1,1,6,7
5.23644196,12,24,6,1,1,1,6,7
5.87211779,8,33,19,1,1,1,9.94,3
5.58724866,12,25,7,1,1,1,4,4
5.58724866,12,28,10,1,1,1,6,7
6.37331979,12,34,16,1,1,1,8,8
5.92692603,12,24,6,0,1,1,9.94,5
5.84643878,12,31,13,0,1,1,9.94,10.25
6.30078579,16,28,6,1,1,1,14,12
6.33150185,14,25,5,1,1,1,14,12
6.35784227,12,26,8,1,0,1,12,12
6.79122146,15,26,5,1,0,1,10,12
6.43775165,13,26,7,0,1,1,6,10.25
6.03068526,13,26,7,0,1,1,6,12
6.52649486,6,31,19,0,1,1,4,10.25
6.43775165,11,30,13,1,1,0,9.94,9
5.7365723,9,27,12,1,1,0,9.94,10.25
6.49828215,12,28,10,1,1,0,9.94,10.25
5.65599181,11,32,15,1,1,0,9.94,10.25
6.39692966,12,26,8,1,1,0,9.94,10.25
6.60934924,16,29,7,1,0,0,12,12
5.4161004,11,27,10,1,1,0,2,5
6.43454652,12,34,16,1,1,0,9.94,8
6.4019172,12,24,6,1,1,0,9.94,8
6.30991828,12,29,11,1,1,0,11,10
6.68586095,16,27,5,0,1,0,10,12
5.79909265,14,30,10,1,1,1,12,12
6.52795792,16,34,12,1,1,1,4,12
6.90775528,15,29,8,1,0,1,18,12
6.99484999,16,30,8,1,1,1,9.94,10.25
6.16541785,13,24,5,1,1,1,9.94,10
6.2146081,12,24,6,1,1,1,9.94,3
6.85646198,14,25,5,1,1,1,6,10
7.04053639,18,30,6,1,1,1,14,12
6.10924758,12,32,14,1,1,1,9.94,9
6.10479323,12,25,7,1,1,1,7,12
5.88887796,16,27,5,1,1,1,12,12
6.28226675,13,24,5,1,1,1,12,12
6.42324696,17,25,2,1,1,1,6,8
6.19440539,14,24,4,1,1,1,17,14
6.02827852,12,26,8,1,1,1,8,9
5.52146092,13,24,5,1,1,0,9.94,9
6.2146081,13,28,9,0,1,0,9,6
7.05185562,18,28,4,1,1,0,10,10
6.26339826,12,32,14,0,1,0,8,7
5.70378247,11,24,7,1,1,0,9.94,12
5.73009978,9,26,11,0,1,0,8,12
6.43775165,8,29,15,0,1,0,8,12
5.85793315,13,24,5,1,1,0,8,7
6.51174533,16,30,8,0,1,0,7,11
6.32435896,13,28,9,0,1,0,9.94,7
5.86078622,12,28,10,0,1,0,6,7
6.58340922,12,28,10,1,0,0,5,9
6.34388043,15,27,6,0,1,0,9,12
5.48063892,11,25,8,1,1,0,6,12
6.10924758,8,32,18,0,1,0,7,4
5.8230459,11,33,16,0,1,0,3,3
5.66296048,10,29,13,0,1,0,0,7
6.02344759,17,24,1,0,1,1,12,12
6.74288064,12,29,11,0,1,1,8,12
6.77308038,16,32,10,0,1,1,7,16
5.68697536,11,29,12,0,1,1,12,10.25
5.70378247,8,26,12,0,1,1,9.94,10.25
5.66642669,16,26,4,1,1,1,9,12
5.69709349,9,29,14,0,1,1,6,14
5.88887796,5,32,21,0,1,1,2,5
7.00033446,12,30,12,1,0,1,9.94,10.25
6.14203741,16,33,11,1,0,1,9.94,8
5.57972983,14,27,7,0,1,1,9.94,8
6.73221071,16,30,8,1,1,1,12,12
6.35784227,16,31,9,0,1,1,8,14
5.4161004,10,27,11,0,1,1,5,5
5.45958551,12,25,7,0,1,1,5,5
5.52146092,12,26,8,1,1,1,2,8
5.27811466,12,28,10,0,1,1,4,1
6.1633148,12,32,14,0,1,1,0,4
6.2146081,11,26,9,0,1,1,7,4
5.81114099,8,29,15,0,1,1,9.94,1
6.1180972,10,27,11,0,1,1,9.94,1
6.85118493,16,25,3,1,1,1,16,12
5.67332327,13,24,5,0,1,1,8,16
6.25382881,16,27,5,0,1,1,8,10
6.16120732,15,28,7,0,1,1,5,11
5.69035945,8,32,18,0,1,1,8,6
6.04025471,12,33,15,1,1,1,3,10.25
6.25190388,12,26,8,0,1,1,9.94,10.25
5.75574221,12,32,14,0,1,1,8,8
5.92692603,12,28,10,0,1,1,8,6
6.30991828,13,25,6,0,1,1,8,8
6.85012617,8,33,19,0,1,1,9.94,10.25
6.1633148,16,27,5,1,1,1,12,12
5.97380961,16,27,5,1,1,1,11,12
6.62007321,11,24,7,1,1,1,12,10
6.19847872,13,28,9,1,1,1,3,3
6.2146081,12,28,10,1,1,1,8,8
5.59098698,11,24,7,1,1,1,1,3
6.1633148,12,33,15,1,1,1,9.94,12
5.89989735,12,31,13,1,1,1,9.94,8
5.63835467,11,26,9,1,1,1,9.94,10.25
5.52146092,14,24,4,1,1,1,9.94,10.25
5.57215403,12,33,15,1,1,1,9.94,6
6.91968385,18,29,5,1,0,1,11,12
6.72503364,17,28,5,1,1,1,11,12
5.74620319,16,24,2,1,0,1,11,12
6.86901445,14,32,12,1,1,1,12,12
5.84643878,9,29,14,1,1,1,7,5
5.70378247,11,25,8,1,1,1,5,10.25
5.92692603,11,32,15,1,1,1,9.94,11
6.2146081,14,24,4,1,1,1,10,8
5.84643878,12,25,7,1,1,1,6,9
5.7651911,9,34,19,1,1,1,12,6
5.99146455,11,26,9,1,1,1,12,6
6.30627529,13,27,8,1,1,1,9,8
5.43807931,7,25,12,1,1,1,9.94,12
6.03548143,12,26,8,0,1,1,7,7
6.26720055,13,29,10,1,1,1,11,10
6.76272951,10,33,17,1,1,1,8,12
6.25190388,13,34,15,1,1,1,9.94,6
5.81413053,11,29,12,1,1,1,8,8
6.76272951,13,33,14,1,1,1,9.94,12
6.25382881,8,27,13,0,1,1,7,10.25
6.75110147,17,27,4,1,1,1,16,12
5.75574221,12,24,6,0,1,1,6,9
6.72262979,18,33,9,1,1,1,18,17
6.77422389,16,31,9,1,1,1,18,17
7.22548147,14,33,13,1,1,1,4,8
6.11146734,16,34,12,1,1,1,9.94,8
6.52795792,18,34,10,0,1,1,12,17
6.07534603,13,28,9,1,1,1,9.94,12
6.81673588,13,32,13,1,1,1,12,12
6.75110147,13,33,14,0,1,1,9.94,12
6.39692966,10,34,18,1,1,1,9.94,10
5.54517744,12,28,10,1,1,1,9.94,10.25
5.92692603,12,29,11,1,1,1,9.94,12
6.08904488,16,27,5,1,1,1,9.94,5
6.00388707,13,25,6,1,1,1,9.94,5
6.01615716,12,32,14,1,1,1,9.94,7
5.70378247,15,27,6,1,1,1,15,12
6.54103,16,26,4,1,1,1,14,16
6.91968385,18,30,6,1,0,1,9.94,10
6.11368218,15,26,5,1,1,0,15,12
5.96100534,12,28,10,1,1,0,11,12
6.19847872,18,27,3,0,1,0,13,16
5.74620319,5,31,20,0,1,0,9.94,10.25
6.35784227,14,26,6,1,1,1,12,12
5.92692603,12,24,6,1,1,1,12,12
6.48463524,12,33,15,1,0,1,9.94,10
6.56385553,16,26,4,1,1,1,10,11
6.23636959,14,26,6,1,1,1,3,9
6.43775165,12,34,16,1,1,1,4,1
6.13122649,14,25,5,1,1,1,11,10
6.43775165,14,33,13,1,1,1,9,7
6.35437004,12,28,10,1,1,1,9.94,10.25
6.2146081,12,25,7,1,1,1,9.94,8
6.02586597,13,27,8,1,0,1,9.94,4
6.15485809,13,26,7,1,0,1,9.94,10.25
6.25382881,12,29,11,1,1,1,4,3
6.62007321,13,27,8,1,0,1,10,7
6.19440539,12,25,7,1,1,1,4,3
6.05208917,18,31,7,1,0,1,11,12
6.28226675,12,32,14,1,1,1,9.94,10.25
6.61338422,13,26,7,1,1,0,12,12
5.99146455,12,24,6,1,1,0,12,12
5.768321,12,28,10,1,1,0,16,16
6.40687999,17,29,6,1,1,0,16,14
6.33327963,11,24,7,1,1,0,11,4
5.78382518,12,27,9,1,1,0,2,6
6.71052311,13,29,10,1,1,0,12,12
6.69703425,12,32,14,1,1,0,9.94,12
5.9242558,12,26,8,1,1,0,12,12
5.70378247,12,32,14,1,1,0,12,12
6.42810527,12,29,11,1,1,1,9,12
6.46302946,18,32,8,0,1,1,9.94,13
6.37161185,12,31,13,1,1,1,6,6
6.37502482,12,30,12,1,1,1,6,10.25
6.27852142,12,24,6,1,1,1,12,12
5.78382518,12,30,12,1,1,1,9.94,5
6.48463524,13,26,7,1,1,1,9.94,10.25
6.42486902,13,25,6,1,1,1,12,9
6.40025745,12,24,6,1,1,1,4,9
6.30991828,16,26,4,1,1,1,3,7
6.53087763,16,25,3,1,1,1,3,7
6.43775165,10,30,14,1,1,1,3,8
6.08677473,11,31,14,1,1,1,9.94,10.25
5.03043792,6,33,21,1,1,1,9.94,12
6.38856141,10,27,11,1,1,1,9.94,10.25
6.13556489,11,27,10,1,1,1,7,7
5.70378247,11,26,9,1,1,1,9.94,7
6.2146081,10,31,15,1,1,1,10,6
6.00141488,10,29,13,1,1,1,9.94,10.25
5.6167711,10,32,16,1,1,1,12,12
5.99146455,8,32,18,0,1,1,9.94,8
6.39692966,18,28,4,0,1,1,9.94,4
6.35784227,13,27,8,0,1,1,6,8
5.92692603,12,27,9,0,1,1,6,8
5.7170277,12,26,8,0,1,1,6,8
5.64190707,12,28,10,0,1,1,9.94,8
5.6167711,14,28,8,0,1,1,9.94,10.25
6.453625,12,25,7,0,1,1,12,12
6.56667243,18,25,1,1,0,1,10,10
6.86589107,13,28,9,1,0,1,9.94,10.25
6.46302946,16,29,7,0,1,1,9.94,10.25
6.09582456,13,24,5,0,1,1,2,10.25
5.45958551,9,34,19,1,1,1,9.94,10.25
6.1633148,15,25,4,1,1,1,7,8
5.52942909,12,26,8,0,1,1,9.94,6
6.453625,14,27,7,1,1,1,5,11
5.96614674,13,26,7,0,1,1,9.94,10.25
6.02344759,9,33,18,0,1,1,9.94,3
5.99146455,11,29,12,1,0,1,9.94,7
5.66296048,8,25,11,0,1,1,9.94,7
5.88610403,12,25,7,1,1,1,9.94,10.25
6.51174533,12,32,14,0,1,1,9.94,6
5.97380961,10,34,18,1,1,0,6,12
6.35784227,16,26,4,1,1,0,6,12
5.23644196,11,26,9,1,1,0,2,8
5.65248918,5,27,16,1,1,0,9.94,10
5.92692603,9,34,19,1,1,0,9.94,6
6.64639051,17,30,7,1,1,0,18,17
6.32435896,17,26,3,1,0,0,9.94,16
7.47477218,18,28,4,1,0,0,9.94,12
6.54391185,12,34,16,1,1,0,7,8
6.19236249,10,24,8,0,0,0,9.94,10.25
6.23244802,12,24,6,1,1,0,12,9
6.70686234,12,33,15,0,1,0,9.94,6
5.6167711,7,30,17,0,1,0,5,8
6.39692966,12,30,12,0,1,0,8,10
6.35784227,13,25,6,1,1,1,9.94,1
5.43807931,14,24,4,1,1,1,4,1
6.228511,11,26,9,1,0,1,10,0
6.40687999,12,26,8,1,1,1,9,9
6.70073111,12,24,6,1,1,1,9,9
5.65248918,10,25,9,1,1,1,8,12
6.97354302,16,31,9,1,1,1,14,16
7.39939808,14,32,12,1,1,1,12,8
6.75693239,16,30,8,0,1,1,14,4
6.62804138,14,26,6,1,1,1,9.94,10.25
6.62007321,15,25,4,1,1,1,16,16
6.08221891,12,32,14,1,1,1,9.94,10.25
7.00850518,12,33,15,1,1,1,16,10
5.67332327,17,30,7,1,1,1,7,11
5.80513497,12,26,8,1,0,1,6,11
6.03308622,13,26,7,0,1,1,10,12
6.43775165,13,30,11,1,1,1,8,8
6.13556489,12,27,9,0,1,1,4,8
5.52146092,8,34,20,0,1,1,8,10.25
6.25382881,18,30,6,0,0,1,8,12
5.01063529,14,28,8,1,1,1,6,8
5.99146455,14,25,5,1,0,1,6,8
5.95324333,18,29,5,0,0,1,9.94,4
6.35784227,15,34,13,1,0,1,9.94,12
6.28785856,18,34,10,1,0,1,13,14
6.68586095,17,28,5,1,0,1,18,16
6.2146081,17,24,1,1,0,1,18,16
6.79570578,13,29,10,1,0,1,12,12
6.43775165,14,27,7,1,0,1,12,12
5.77765232,14,28,8,0,0,1,12,12
6.35784227,12,32,14,1,0,1,8,8
6.05678401,12,25,7,1,0,1,12,12
5.48479693,10,31,15,1,0,1,8,12
6.63068339,17,28,5,1,0,1,9,13
7.59034695,16,32,10,1,0,1,8,9
6.54391185,12,32,14,1,0,1,9.94,12
6.19644413,16,26,4,1,0,1,12,16
6.33682573,16,24,2,1,0,1,12,16
5.82894562,10,30,14,1,0,1,11,12
5.69709349,13,27,8,1,0,1,9.94,12
5.73009978,13,25,6,1,0,1,9.94,12
7.00033446,13,24,5,1,0,1,12,12
6.02344759,11,24,7,1,0,1,17,12
6.40687999,12,33,15,1,0,1,9.94,10.25
6.2146081,12,25,7,1,0,1,8,11
6.37842618,15,25,4,1,0,1,12,12
6.43775165,13,28,9,1,0,1,12,12
5.96614674,10,25,9,1,0,1,7,9
6.09356977,14,31,11,1,0,1,8,12
6.56103067,13,26,7,1,0,1,8,10.25
6.65672652,16,27,5,1,0,1,12,13
6.23441073,12,28,10,1,0,1,9.94,10.25
6.09130988,17,25,2,1,0,1,10,12
5.99146455,13,26,7,1,0,1,9.94,8
7.15070146,18,28,4,1,0,1,9.94,12
6.00388707,12,26,8,1,0,1,9.94,12
6.51174533,12,28,10,1,0,1,12,11
5.6347896,10,27,11,1,0,1,12,11
5.85793315,10,24,8,1,0,1,12,10
7.60240134,18,30,6,1,0,1,12,12
6.64509097,16,26,4,1,0,1,12,10.25
6.76388491,16,29,7,1,0,1,9.94,12
6.77992191,15,32,11,1,0,1,12,12
6.30991828,12,26,8,1,0,1,12,12
6.41345896,14,28,8,1,0,1,7,7
6.35784227,13,25,6,1,0,1,12,12
4.99721227,12,25,7,1,0,1,9.94,9
6.71417053,16,29,7,1,0,1,8,12
6.55108034,14,26,6,1,0,1,9.94,0
6.62007321,18,27,3,1,0,1,5,3
6.55108034,17,34,11,0,0,1,9.94,10.25
6.53958596,18,32,8,1,0,1,14,14
5.73009978,11,27,10,1,0,1,9.94,10.25
6.76272951,17,31,8,0,0,1,16,16
6.54103,14,24,4,1,0,1,2,10.25
6.68461173,11,24,7,1,0,1,9.94,9
6.51174533,14,32,12,1,0,1,12,8
6.2441669,14,25,5,1,1,1,12,12
6.56807791,16,31,9,1,0,1,16,12
6.73933663,13,25,6,1,0,1,9.94,12
6.78558765,14,25,5,1,0,1,12,12
6.54103,14,27,7,1,0,1,9,12
6.74641213,12,34,16,1,0,1,12,12
6.60394382,12,29,11,1,0,1,10,10
6.17586727,14,25,5,1,0,1,10,10
6.67834211,16,30,8,1,0,1,16,16
6.36130248,13,32,13,0,0,1,8,12
6.76734313,12,34,16,1,0,1,12,12
6.35784227,16,27,5,1,0,1,12,13
7.23345542,17,33,10,1,0,1,14,12
7.37963215,14,31,11,1,0,1,9.94,10.25
6.51471269,12,30,12,1,0,1,8,8
6.13556489,18,32,8,1,0,1,13,12
6.49677499,12,29,11,1,0,1,9.94,12
6.73933663,12,24,6,1,0,1,9.94,12
6.48768402,12,33,15,0,0,1,12,12
7.09007684,15,27,6,1,0,1,13,12
6.64639051,13,33,14,1,0,1,0,5
5.52146092,12,27,9,1,0,1,9.94,5
5.83773045,12,24,6,1,0,1,0,4
7.65681009,12,34,16,1,0,1,2,0
6.93634274,18,27,3,1,0,1,9.94,2
6.56948142,12,25,7,1,0,1,9.94,2
6.38856141,10,28,12,1,0,1,8,12
6.72503364,15,32,11,1,1,1,12,12
5.99146455,15,28,7,1,0,1,9.94,10.25
6.58063914,14,31,11,1,0,1,9.94,7
5.11799381,12,31,13,1,0,1,12,12
6.14632926,14,27,7,1,0,1,8,12
6.46614472,18,27,3,1,0,1,13,13
6.39692966,13,34,15,1,0,1,10,12
5.99146455,12,24,6,1,0,1,13,10
6.90775528,13,24,5,1,0,1,12,12
6.50128967,14,28,8,1,0,1,8,12
6.315358,16,24,2,1,0,1,8,11
6.66568372,14,28,8,1,0,1,10,12
6.50279005,15,28,7,1,0,1,13,12
5.70378247,10,25,9,1,0,1,8,8
6.54678541,16,30,8,1,0,1,14,12
6.08221891,14,33,13,0,0,1,12,12
6.52941884,13,25,6,1,0,1,9,11
6.02586597,14,26,6,1,0,1,7,6
6.62140565,12,25,7,1,0,1,11,14
5.44241771,13,26,7,1,0,1,16,16
6.22455843,16,29,7,1,0,1,17,14
6.39692966,16,30,8,0,0,1,15,12
7.17701877,18,33,9,1,0,1,18,15
6.96413561,18,32,8,1,0,1,9.94,18
6.44094654,15,32,11,1,0,1,13,11
6.95654544,16,33,11,1,0,1,3,8
6.89060912,18,32,8,0,0,1,12,16
7.15617664,18,34,10,1,0,1,16,13
6.70686234,12,26,8,1,0,1,12,12
6.2146081,17,24,1,1,0,1,16,16
6.57925121,12,32,14,1,0,1,12,8
6.28785856,12,29,11,1,0,1,7,12
6.84374995,17,34,11,0,0,1,8,12
5.70378247,11,25,8,1,0,1,8,9
6.66057515,11,32,15,0,0,1,2,1
6.47697236,8,34,20,0,0,1,3,2
6.90374726,18,29,5,1,0,1,12,12
6.36647045,17,28,5,1,0,1,12,12
5.44241771,16,26,4,1,0,1,12,12
6.28971557,16,25,3,0,0,1,12,12
6.44254017,15,34,13,1,0,1,8,8
6.51323011,12,28,10,1,0,1,9.94,10.25
5.44241771,16,27,5,1,0,1,12,12
6.57368017,18,29,5,1,0,1,12,12
5.65599181,13,24,5,1,0,1,12,12
6.2146081,15,26,5,1,0,1,12,12
5.74300319,16,27,5,1,0,1,9.94,10.25
5.29831737,11,25,8,1,0,1,10,10
7.00850518,16,33,11,1,0,1,12,9
6.36818719,12,29,11,1,0,1,11,11
6.00141488,16,30,8,1,0,1,8,12
6.42648846,13,25,6,1,0,1,12,10.25
5.62401751,16,27,5,1,0,1,10,12
6.86901445,17,25,2,1,1,1,12,11
6.53958596,15,30,9,1,0,1,12,12
6.33327963,12,28,10,1,0,1,8,12
7.19743535,8,33,19,1,0,1,3,5
6.51174533,14,31,11,1,0,1,12,12
6.75227038,16,32,10,0,0,1,9.94,11
5.56068163,16,32,10,1,0,1,8,4
6.35437004,15,28,7,1,0,1,8,4
6.43935037,13,24,5,1,0,1,2,8
7.27447956,12,32,14,1,0,1,12,12
5.81711116,14,28,8,0,0,1,6,11
6.35784227,12,27,9,1,0,1,6,11
6.1737861,13,24,5,1,0,1,8,12
5.52146092,15,28,7,1,0,1,16,0
6.1717006,11,24,7,1,0,1,12,9
6.94505106,15,34,13,1,0,1,9.94,10.25
6.99393298,18,33,9,1,0,1,13,12
6.13556489,18,26,2,1,0,1,12,12
6.43775165,12,32,14,0,0,1,9.94,12
6.70563909,16,25,3,1,0,1,5,8
5.88887796,14,28,8,1,0,1,17,4
5.768321,12,27,9,1,0,1,12,12
5.84932478,16,32,10,1,0,1,7,12
6.7580945,12,30,12,1,0,0,9.94,10.25
5.64190707,10,26,10,1,0,0,2,2
6.54965074,12,24,6,1,0,0,17,14
6.42162227,12,24,6,1,0,0,11,10
6.07073773,11,25,8,0,0,0,8,12
6.28039584,16,25,3,1,0,1,12,12
6.43775165,16,26,4,1,0,1,12,12
6.35784227,18,26,2,1,0,1,10,12
6.73696696,12,24,6,1,0,1,10,12
6.00141488,16,26,4,1,0,1,12,12
6.315358,15,32,11,1,0,1,9.94,12
6.92165818,18,31,7,1,0,1,18,12
5.78382518,16,29,7,1,0,1,8,4
6.64768837,15,30,9,1,0,1,12,8
6.55108034,14,24,4,1,0,1,12,13
6.30627529,17,24,1,1,0,1,13,7
6.43775165,16,26,4,1,0,1,0,5
6.8145429,16,28,6,1,0,1,12,7
6.61338422,12,33,15,1,0,1,16,16
6.51323011,12,24,6,0,0,1,12,12
6.70563909,16,28,6,0,0,0,12,12
6.64639051,15,25,4,1,0,1,9.94,10
6.58892648,15,27,6,1,0,1,8,9
6.50128967,12,24,6,1,0,1,8,9
6.53378884,14,27,7,1,0,1,9.94,12
6.32793678,14,26,6,1,0,1,16,13
6.2146081,16,28,6,1,0,1,13,14
6.50727771,14,28,8,1,0,1,9.94,10.25
6.86901445,12,34,16,1,0,1,9,9
6.58755001,16,28,6,1,0,1,9.94,12
6.86901445,16,33,11,1,0,1,12,12
6.42162227,17,33,10,1,0,1,12,14
7.05098945,13,32,13,1,0,1,12,10
6.51471269,13,29,10,1,0,1,14,8
6.04500531,12,26,8,1,0,1,9.94,10
6.96885038,12,25,7,1,0,1,12,12
7.06902343,18,33,9,1,0,1,15,14
6.74758653,15,27,6,1,0,1,12,10.25
6.41345896,12,24,6,1,0,1,12,10.25
6.04737218,18,33,9,1,0,1,12,12
7.09007684,12,29,11,1,0,1,8,12
6.93634274,14,34,14,1,0,1,15,10
6.30991828,14,28,8,1,0,1,12,10.25
6.68586095,15,31,10,1,0,1,12,12
6.29710932,12,31,13,1,0,1,9.94,11
5.85793315,9,31,16,1,0,1,8,11
6.62007321,14,32,12,1,0,1,9.94,12
6.10924758,14,34,14,1,0,1,12,10
6.39692966,14,24,4,1,0,1,12,9
6.75110147,12,33,15,1,0,1,7,12
6.59030105,14,26,6,1,0,1,14,8
6.54103,12,34,16,1,0,1,12,11
6.93244789,10,27,11,1,0,1,12,12
7.05098945,14,28,8,1,0,1,8,8
6.89060912,16,32,10,1,0,1,15,18
6.58892648,15,34,13,1,0,1,3,0
6.28226675,14,34,14,1,0,1,10,11
6.27664349,12,25,7,1,0,1,11,11
5.66642669,13,26,7,1,0,1,10,11
5.74620319,17,26,3,1,0,1,12,12
6.00141488,13,24,5,1,0,1,13,16
7.00306546,18,30,6,1,0,1,12,12
6.49223984,12,27,9,1,0,1,2,2
6.07073773,12,32,14,1,0,1,12,12
5.99146455,17,27,4,1,1,1,18,16
5.57215403,15,26,5,1,0,1,18,13
5.99146455,13,34,15,1,0,1,12,12
6.35784227,16,34,12,0,0,1,15,18
6.07073773,12,24,6,1,0,1,13,13
6.15273269,17,25,2,1,0,1,18,12
5.54126355,17,25,2,1,0,1,12,14
6.43775165,12,26,8,0,0,1,12,12
6.50727771,13,34,15,1,0,1,12,10.25
6.95559261,12,30,12,1,0,1,12,12
7.52077642,17,34,11,1,0,1,9.94,4
6.64509097,15,33,12,1,0,1,16,12
6.53378884,11,34,17,1,0,1,9.94,10.25
6.47697236,15,24,3,1,0,1,15,12
6.1717006,16,26,4,0,0,1,13,18
5.83188248,16,24,2,0,0,0,16,13
6.80903931,14,32,12,1,0,0,10,12
5.86078622,12,33,15,0,0,0,7,8
6.65286303,12,29,11,1,0,0,8,9
6.55108034,12,26,8,1,0,0,8,9
6.38350663,16,26,4,0,0,0,12,12
6.60665019,12,24,6,0,0,0,8,11
6.27852142,12,27,9,0,0,0,10,8
6.03308622,16,25,3,1,0,0,18,13
7.23993259,18,34,10,1,0,0,12,12
6.30627529,12,34,16,0,0,0,8,10
6.48768402,11,24,7,0,0,1,11,12
6.34913899,12,25,7,0,0,1,10,12
6.43615037,13,29,10,0,0,1,9.94,12
6.09130988,16,31,9,1,0,1,15,12
6.35784227,15,27,6,0,0,1,12,12
6.29156914,13,27,8,0,0,1,12,12
6.73459166,15,30,9,0,0,1,9,12
6.58479139,14,29,9,1,0,0,9.94,8
6.32256524,13,26,7,1,0,0,6,11
5.81114099,13,24,5,0,0,0,9.94,10.25
6.23441073,15,24,3,1,1,0,10,14
6.35784227,12,31,13,1,0,0,8,12
6.23636959,12,29,11,1,0,0,2,6
5.73979291,15,25,4,1,0,1,9,7
6.35784227,12,34,16,1,0,1,8,8
6.50727771,12,34,16,1,0,1,9.94,12
6.44730586,12,27,9,1,0,1,12,16
6.50128967,16,25,3,1,0,1,12,16
5.99146455,14,27,7,1,0,1,12,12
5.39362755,11,24,7,0,0,1,10,16
6.35784227,13,30,11,1,0,1,9.94,9
6.04737218,13,29,10,1,0,1,9.94,12
6.47234629,16,27,5,1,0,1,14,16
5.84354442,15,28,7,1,0,1,10,12
6.73340189,16,25,3,1,1,1,11,14
6.43775165,15,25,4,1,0,1,18,12
6.90775528,9,30,15,1,0,1,8,10.25
6.82328612,16,31,9,1,0,1,8,6
6.59304453,12,31,13,1,0,1,2,8
6.10479323,12,24,6,1,1,1,10,10
6.18001665,14,29,9,1,0,1,12,12
6.01859321,12,25,7,1,0,1,11,10
6.78558765,14,30,10,1,0,1,13,12
5.85793315,14,27,7,1,0,0,10,12
6.2146081,17,27,4,0,0,0,12,16
6.5971457,15,33,12,1,0,0,16,16
6.12905021,13,30,11,1,0,0,12,12
6.58063914,16,28,6,1,0,0,12,12
6.54965074,15,32,11,1,1,0,8,8
6.66568372,14,30,10,1,0,0,9,15
6.82979374,16,29,7,1,0,0,12,13
6.10702289,14,26,6,1,0,0,12,13
5.78382518,15,24,3,0,0,0,14,14
6.52649486,13,32,13,0,0,0,13,12
6.25766759,16,32,10,1,0,0,18,14
6.15273269,18,28,4,1,0,0,18,14
6.29341928,12,34,16,0,0,0,8,7
6.74758653,14,29,9,0,0,0,13,12
5.99146455,12,30,12,0,0,0,9,12
6.3044488,18,27,3,0,0,0,9.94,10.25
6.35784227,16,32,10,0,0,0,12,14
5.70378247,11,24,7,0,0,0,13,13
6.97354302,16,32,10,0,0,0,9.94,12
6.58063914,12,32,14,0,0,0,6,7
6.51174533,17,31,8,1,0,0,12,11
6.60529792,17,27,4,1,1,0,14,12
7.2984451,12,26,8,1,0,0,8,10.25
6.77422389,17,27,4,0,0,0,8,14
6.80239476,12,33,15,0,0,0,8,12
6.68586095,13,31,12,0,0,0,13,12
6.30991828,13,26,7,0,0,0,8,12
6.35437004,10,34,18,0,0,0,8,9
6.29156914,12,27,9,0,0,0,12,12
6.67203295,16,32,10,1,0,0,13,13
6.54103,14,28,8,0,0,0,12,10
5.52146092,16,26,4,0,0,0,12,10
6.03308622,17,24,1,1,0,0,14,13
6.453625,9,32,17,0,0,0,3,4
6.02344759,12,32,14,1,0,0,9.94,9
5.70378247,12,25,7,0,0,0,9.94,10.25
6.3403593,17,26,3,1,0,0,18,14
6.46302946,16,32,10,0,0,0,7,12
5.87493073,13,29,10,0,0,0,9.94,10.25
5.99146455,12,33,15,0,0,0,9.94,10.25
6.02344759,12,31,13,0,0,0,12,12
6.27476202,14,33,13,0,0,0,12,10
6.453625,16,29,7,0,0,0,12,10
4.9698133,14,27,7,0,0,0,18,12
6.30991828,14,31,11,0,0,0,17,13
6.18620862,12,32,14,0,0,0,7,8
6.39359075,17,31,8,1,0,0,9,14
6.13556489,14,26,6,1,1,0,9.94,16
6.69950034,16,26,4,0,0,0,9.94,16
6.43775165,12,25,7,0,0,0,8,11
6.94985646,12,31,13,0,0,0,3,10.25
6.68461173,16,27,5,1,0,0,8,12
6.69950034,16,27,5,1,0,0,8,9
6.07073773,17,26,3,1,0,0,8,8
6.62140565,17,28,5,1,0,0,8,8
5.68357977,14,26,6,1,0,0,10,12
6.05678401,12,25,7,1,0,1,12,12
6.55108034,12,33,15,1,0,1,9.94,10.25
5.64897424,16,25,3,1,0,1,12,12
6.295266,14,27,7,0,0,1,13,14
6.1737861,12,25,7,1,0,1,12,12
5.9348942,16,26,4,1,0,1,13,14
6.23048145,16,30,8,1,0,1,9.94,10.25
6.2146081,12,25,7,1,0,1,9.94,10.25
6.58340922,12,33,15,1,0,1,12,8
5.39362755,12,25,7,0,0,1,14,14
6.1633148,15,24,3,0,0,1,9.94,10.25
7.09174212,13,26,7,1,0,1,10,10
5.99146455,13,24,5,0,0,1,12,12
6.39859493,16,29,7,1,0,1,12,12
6.17586727,12,29,11,0,0,1,12,8
6.55108034,16,33,11,0,0,1,7,12
6.64509097,12,27,9,1,1,1,10,9
6.27098843,14,25,5,1,1,1,10,9
6.10924758,16,30,8,1,1,1,12,9
6.33327963,10,34,18,1,1,1,6,10.25
6.47543272,13,32,13,1,1,1,7,0
6.15273269,8,32,18,1,1,1,9,12
5.6167711,16,24,2,1,1,1,14,12
6.57786136,16,33,11,1,1,1,10,8
6.98656646,12,33,15,1,1,1,9.94,10.25
6.51174533,16,34,12,1,1,1,6,10
5.85793315,18,24,0,0,1,0,15,12
6.64509097,14,28,8,1,1,0,5,9
6.47697236,12,26,8,0,1,0,0,6
6.62140565,9,30,15,0,1,0,9.94,4
5.87493073,10,27,11,0,1,0,9.94,4
5.52146092,9,24,9,0,1,0,9.94,4
5.99396143,12,28,10,0,1,0,7,6
6.05208917,11,25,8,0,1,0,7,6
5.65948222,9,25,10,0,1,0,7,6
5.73334128,13,26,7,0,1,0,6,12
6.35957387,14,24,4,1,0,0,6,12
6.08221891,16,30,8,0,1,0,7,8
6.10924758,12,31,13,0,1,0,8,12
5.15329159,17,28,5,1,1,0,9.94,15
6.27098843,16,27,5,1,0,0,8,9
6.17794411,12,30,12,0,1,0,8,10.25
6.72503364,12,27,9,1,0,0,8,10.25
5.56068163,12,34,16,0,1,0,9.94,6
5.63121178,12,25,7,0,1,0,9.94,3
5.85793315,13,25,6,0,1,0,9.94,10.25
4.97673374,11,24,7,0,1,0,5,11
5.43807931,10,27,11,0,1,0,9.94,12
6.10924758,15,24,3,1,0,0,9.94,12
5.95324333,16,25,3,1,1,0,12,12
6.70563909,17,34,11,1,1,0,13,12
6.86901445,16,30,8,0,1,0,13,12
6.01126717,13,28,9,0,1,0,14,12
6.26530121,16,25,3,1,1,0,14,12
6.35957387,13,24,5,1,0,0,14,10
6.42971948,14,28,8,0,1,0,6,10
5.43807931,12,25,7,1,1,1,7,12
6.3630281,11,30,13,1,1,1,2,5
7.05185562,18,32,8,1,1,1,6,12
5.94017125,12,28,10,1,1,1,9.94,10.25
6.42324696,16,27,5,1,1,1,10,12
6.10924758,12,28,10,1,1,1,10,8
6.05208917,12,25,7,1,1,1,10,8
6.2146081,12,28,10,1,1,1,8,2
6.56948142,12,25,7,1,1,1,12,12
6.62007321,12,25,7,1,1,1,4,12
5.77765232,15,24,3,1,1,1,4,12
6.94505106,13,28,9,1,1,1,8,12
6.19644413,16,25,3,1,1,1,16,15
6.26339826,13,29,10,1,1,1,10,12
5.96100534,11,29,12,1,1,1,5,5
6.13122649,10,26,10,1,1,1,12,2
5.99146455,15,24,3,1,1,1,5,8
6.60258789,15,27,6,1,1,1,9,16
6.3952616,14,26,6,1,1,1,6,10
7.03085748,18,33,9,0,1,0,18,18
6.39859493,14,25,5,1,1,1,9.94,10.25
5.69709349,10,26,10,1,1,1,9.94,11
5.45958551,12,27,9,1,1,1,9.94,10.25
5.39362755,13,25,6,1,1,1,9.94,10.25
6.54678541,8,26,12,1,1,1,9.94,11
6.295266,9,24,9,1,1,1,9.94,11
5.52146092,12,25,7,1,1,1,9.94,8
5.99146455,16,26,4,1,1,1,12,12
6.04737218,15,31,10,1,1,1,9.94,10.25
5.66988092,12,25,7,1,1,1,6,5
5.50938834,10,33,17,1,1,1,9.94,10
5.94017125,13,26,7,1,1,1,9.94,10
6.48616079,12,24,6,1,1,1,12,9
6.56667243,12,32,14,1,1,1,9,12
6.17586727,14,29,9,1,1,1,8,12
6.46302946,16,25,3,1,1,1,8,12
6.39024067,12,32,14,1,1,1,12,14
6.35957387,7,31,18,1,1,1,9.94,10.25
6.51914729,16,30,8,1,1,0,9.94,12
7.33823815,16,32,10,1,1,0,11,14
6.75693239,12,33,15,1,1,0,9,12
6.28039584,18,32,8,1,1,0,12,16
5.73009978,12,27,9,1,1,0,12,12
6.39692966,14,29,9,0,1,0,12,10.25
6.43775165,8,31,17,0,1,0,9.94,10.25
6.29156914,13,29,10,1,1,0,10,10
5.84064166,13,27,8,0,1,0,12,10
6.2146081,12,25,7,0,1,0,12,10
5.768321,11,26,9,1,0,0,6,9
5.9348942,18,27,3,0,1,0,4,10
5.23644196,15,25,4,0,1,0,4,10
5.12396398,9,33,18,0,1,0,4,10
5.52146092,2,25,17,0,1,0,6,10.25
5.24702407,3,24,15,0,1,0,6,5
6.90775528,12,28,10,1,0,0,8,8
6.33505425,12,24,6,0,1,0,9.94,10.25
6.43615037,9,24,9,0,1,0,9.94,7
6.57088296,12,24,6,1,1,0,9.94,10.25
6.28785856,12,24,6,0,1,0,12,10
5.87211779,13,26,7,0,1,0,9,8
5.48063892,12,24,6,0,1,0,9.94,12
6.03548143,12,24,6,0,1,0,9,12
6.93342303,13,27,8,0,1,1,14,13
5.68697536,17,32,9,0,1,1,12,14
6.30991828,12,26,8,1,1,1,9.94,6
6.28785856,12,27,9,1,1,1,9.94,8
5.85793315,5,30,19,0,1,1,2,3
6.56667243,12,27,9,0,1,1,8,12
5.433722,12,29,11,0,1,1,4,4
5.39362755,12,27,9,0,1,1,4,3
5.7365723,12,29,11,0,1,1,8,2
5.768321,12,24,6,1,0,1,10,10.25
5.71373281,12,27,9,0,1,1,10,9
6.10924758,13,26,7,0,1,1,5,12
6.62406523,12,29,11,1,1,1,9,11
6.08221891,12,26,8,0,1,1,4,11
5.78382518,11,28,11,0,1,1,1,7
6.74051936,16,32,10,0,1,1,9.94,12
5.74620319,14,26,6,0,1,1,12,14
6.1717006,13,34,15,1,1,1,7,12
6.06145692,12,31,13,1,1,1,10,9
6.19440539,14,29,9,1,1,1,11,9
5.88887796,12,24,6,1,1,1,11,9
5.99146455,14,33,13,1,1,1,0,2
6.04737218,12,24,6,1,1,1,7,8
5.73979291,12,27,9,0,1,1,5,5
5.60211882,11,27,10,0,1,1,3,7
5.95324333,18,26,2,1,1,1,12,12
6.27098843,16,24,2,1,1,1,12,12
6.55108034,11,31,14,0,1,1,6,10
5.94279938,10,32,16,0,1,1,6,5
6.14203741,12,28,10,0,1,1,12,12
5.99146455,10,34,18,0,1,1,8,8
6.12029742,10,33,17,0,1,1,9,8
5.56068163,12,24,6,0,1,0,9.94,4
6.5581978,13,28,9,1,0,0,0,7
6.03308622,13,30,11,0,1,0,9.94,10.25
5.52146092,11,27,10,0,1,0,9.94,13
6.13122649,12,24,6,0,1,0,9.94,2
5.78382518,8,26,12,0,1,0,9.94,10.25
5.6167711,9,25,10,0,1,0,9.94,10.25
5.78382518,12,26,8,0,1,0,7,10.25
5.70378247,15,25,4,1,0,0,9.94,8
5.52146092,8,31,17,0,1,0,9.94,8
5.66296048,12,28,10,0,1,0,9,10
6.30991828,13,28,9,1,1,0,3,8
6.06145692,12,33,15,0,1,0,12,12
5.92692603,8,30,16,1,1,0,9.94,10.25
6.35784227,9,30,15,0,1,0,5,4
6.27476202,13,25,6,0,1,0,5,10.25
5.52146092,12,24,6,1,1,0,4,10.25
6.08677473,12,27,9,0,1,0,9.94,8
6.12468339,12,26,8,0,1,0,9.94,6
6.08221891,12,27,9,0,1,0,5,5
6.30991828,12,27,9,0,1,0,9.94,5
6.47697236,16,25,3,1,1,0,12,16
6.04737218,11,26,9,0,1,0,7,3
6.04025471,13,27,8,1,1,0,18,8
5.29831737,14,25,5,1,1,0,18,8
5.99146455,8,26,12,0,1,0,3,10
5.70378247,9,24,9,1,1,0,5,10.25
6.57088296,12,30,12,1,1,0,5,7
5.98645201,12,25,7,0,1,0,12,8
5.98645201,9,29,14,0,1,0,6,8
6.59850903,16,28,6,1,1,0,5,0
6.53378884,12,25,7,0,1,0,12,12
5.35658627,6,28,16,0,1,0,3,11
6.12029742,12,31,13,0,1,0,9.94,9
5.85793315,15,24,3,1,1,0,17,12
6.35784227,16,28,6,0,1,0,9.94,16
6.54965074,16,31,9,0,0,0,10,14
5.92692603,16,27,5,0,1,0,14,12
5.92692603,13,24,5,0,1,0,14,12
5.89715387,12,33,15,0,1,0,10,9
5.39362755,12,29,11,1,1,0,11,4
6.43133108,16,31,9,1,1,0,0,0
5.92692603,11,31,14,0,1,0,9.94,10.25
5.83188248,16,26,4,0,1,0,12,10
5.94017125,16,24,2,0,1,0,12,10
5.56068163,11,32,15,1,1,0,9.94,10.25
6.19236249,8,30,16,1,1,0,9.94,10.25
6.07073773,11,26,9,1,1,0,8,9
5.89989735,11,27,10,1,1,0,8,10.25
5.54907608,14,33,13,1,1,0,9.94,10.25
6.24027585,14,26,6,1,1,0,12,12
5.66296048,15,31,10,1,1,0,8,9
6.76388491,18,30,6,1,1,0,8,13
6.07073773,12,25,7,1,1,0,7,8
6.2146081,1,29,22,1,1,0,0,3
6.30627529,16,24,2,1,1,0,12,12
5.99146455,12,29,11,1,1,0,4,6
6.07073773,9,30,15,1,1,0,9.94,8
5.92692603,13,24,5,0,1,0,16,13
6.3044488,12,32,14,1,1,0,12,12
5.92692603,12,24,6,0,1,0,12,12
6.2146081,14,25,5,0,1,0,10,12
5.87211779,16,24,2,0,1,0,18,15
6.39692966,12,29,11,1,0,0,9,12
6.47697236,12,34,16,1,1,0,2,3
6.74288064,12,32,14,1,1,0,8,8
5.78382518,12,27,9,1,1,0,10,9
5.66642669,12,33,15,0,1,1,9.94,10.25
6.12468339,14,24,4,0,1,1,5,5
6.56667243,14,29,9,1,1,1,12,12
6.02344759,13,34,15,0,1,1,11,12
6.47543272,16,25,3,1,1,1,9.94,16
6.45047042,13,26,7,1,1,1,9.94,10.25
6.58063914,16,28,6,0,1,1,10,12
6.81673588,12,32,14,1,1,1,12,9
5.92692603,13,26,7,0,1,1,8,5
6.38350663,18,27,3,1,1,1,12,12
6.63856779,16,32,10,0,1,0,9.94,12
6.2146081,12,26,8,0,1,0,4,9
5.6167711,11,25,8,1,0,0,11,10
5.56068163,10,24,8,1,0,0,11,10
6.86901445,16,28,6,0,1,0,12,16
6.43775165,12,28,10,0,1,0,9.94,3
5.80814249,12,26,8,0,1,0,9.94,10.25
6.43775165,12,29,11,0,1,0,9.94,10
5.52146092,10,24,8,0,1,0,9.94,10.25
5.88332239,12,34,16,0,1,0,9.94,10.25
6.30991828,12,34,16,0,1,0,9.94,6
5.99893656,12,24,6,0,1,0,9.94,10.25
6.13772705,11,26,9,1,0,0,9,9
5.98141421,12,24,6,0,1,0,4,5
5.62762111,12,24,6,0,1,0,9.94,8
5.99146455,14,27,7,0,1,0,9.94,10.25
6.02827852,16,24,2,0,1,0,9.94,10.25
6.13556489,12,33,15,0,1,0,7,7
7.27378632,18,33,9,0,1,0,9.94,10.25
4.82831374,4,27,17,0,1,0,9.94,10.25
5.29831737,10,34,18,0,1,0,9.94,8
5.70378247,10,31,15,0,1,0,9.94,9
6.25575004,10,32,16,0,1,0,9.94,9
5.58349631,13,25,6,1,1,0,10,12
5.78382518,11,26,9,0,1,0,9.94,10.25
5.85793315,9,30,15,1,1,0,7,10
5.82894562,9,34,19,0,1,0,9.94,10.25
6.43775165,13,25,6,0,1,0,3,7
5.36597602,10,29,13,0,1,0,9.94,9
6.53378884,12,28,10,0,1,0,9,12
5.6167711,8,32,18,1,1,0,5,12
6.12468339,10,32,16,0,1,0,6,10
6.42162227,12,26,8,1,1,0,9.94,8
6.59578051,16,25,3,1,0,0,13,10.25
5.0937502,12,26,8,0,1,0,9.94,10.25
5.56068163,8,24,10,0,1,0,9.94,10.25
6.19847872,11,27,10,0,1,0,9.94,10.25
6.35437004,12,26,8,1,0,0,9.94,10.25
6.23441073,12,25,7,1,0,0,9.94,10.25
6.33682573,8,26,12,1,1,0,9.94,10.25
6.2441669,9,29,14,0,1,0,6,4
6.15485809,8,25,11,1,0,0,6,4
5.81413053,13,27,8,0,1,0,9.94,12
6.17586727,12,28,10,0,1,0,6,10
6.4645883,12,26,8,0,1,0,6,10
6.35088572,10,25,9,0,1,0,7,10
5.75257264,6,32,20,0,1,0,9.94,10.25
5.88610403,11,30,13,1,1,0,0,8
5.82600011,12,25,7,1,1,0,9.94,10.25
5.99146455,13,26,7,0,1,0,10,4
5.70378247,15,24,3,0,1,0,9.94,12
6.3630281,10,34,18,0,1,0,10,12
5.77144112,14,24,4,0,1,0,8,12
6.1633148,12,26,8,1,0,0,2,10.25
6.09807428,7,25,12,1,0,0,2,10.25
5.70378247,6,25,13,0,1,0,9.94,6
5.52942909,10,27,11,0,1,0,9.94,5
6.03787092,12,25,7,0,1,0,9,2
5.75890177,6,34,22,0,1,0,9.94,10.25
6.315358,16,29,7,0,1,0,10,12
6.58063914,18,31,7,0,1,0,8,9
6.59167373,13,25,6,0,1,0,8,12
5.74939299,12,25,7,1,1,0,5,8
5.39362755,9,27,12,0,1,0,9,3
5.45958551,8,25,11,0,1,1,9.94,4
5.80814249,9,27,12,0,1,1,9.94,5
5.80814249,11,26,9,0,1,1,9.94,5
5.80814249,11,30,13,0,1,1,9,7
5.94017125,12,28,10,0,1,1,9,7
5.96614674,12,26,8,0,1,1,9,7
5.52146092,5,34,23,0,1,1,9.94,6
6.51174533,17,27,4,1,1,1,6,11
6.18001665,16,26,4,1,1,1,7,10
6.64509097,16,25,3,1,1,1,7,10
5.78382518,4,25,15,1,1,1,0,4
6.14203741,11,30,13,0,1,1,9.94,10.25
5.85793315,14,24,4,0,1,1,16,10
5.92692603,12,26,8,1,1,1,3,6
5.70378247,5,27,16,0,1,1,1,1
6.1633148,16,25,3,1,1,1,7,10
6.26909628,12,27,9,1,0,1,9.94,10.25
6.24027585,10,26,10,0,1,1,9.94,10.25
6.09807428,12,27,9,1,0,1,9.94,10.25
5.57972983,11,29,12,0,1,1,7,6
5.56068163,12,27,9,0,1,1,7,6
5.76205138,9,24,9,1,1,1,0,7
6.43935037,12,26,8,0,1,0,12,11
5.99146455,11,25,8,0,1,0,14,9
5.9348942,14,24,4,1,1,0,11,10
6.68835471,16,29,7,0,1,0,18,12
6.10255859,16,25,3,0,1,0,18,12
5.7651911,15,28,7,0,1,0,12,9
5.99396143,8,30,16,0,1,0,9.94,2
6.08221891,9,27,12,1,1,0,2,2
6.03308622,10,24,8,1,1,0,2,2
5.92692603,10,25,9,0,1,0,5,11
6.42324696,16,30,8,1,1,0,12,12
5.86929691,12,28,10,1,1,0,13,12
6.05208917,18,28,4,1,1,0,18,12
5.57972983,12,26,8,0,1,0,18,12
6.05443935,14,24,4,1,1,0,13,13
5.52146092,12,25,7,0,1,0,13,10
6.32793678,17,25,2,1,1,0,12,12
5.66642669,12,29,11,0,1,0,7,7
5.97380961,16,26,4,0,1,0,7,7
6.35784227,12,26,8,1,1,0,6,7
5.84643878,17,32,9,0,1,0,12,11
7.15617664,16,28,6,1,1,0,12,12
6.76272951,17,28,5,1,0,1,12,16
6.02344759,14,24,4,1,1,1,12,16
5.4161004,6,29,17,1,0,1,9.94,12
6.00141488,14,27,7,1,0,1,4,7
6.58063914,12,31,13,1,1,1,3,7
6.35784227,12,30,12,1,1,1,3,8
6.2146081,12,26,8,0,1,1,6,8
5.52146092,12,29,11,0,1,1,7,6
5.04342512,12,26,8,0,1,1,7,7
6.00635316,12,27,9,0,1,1,6,7
5.85793315,12,33,15,1,1,0,9.94,3
6.13556489,12,26,8,1,1,0,9.94,10.25
6.2146081,10,34,18,1,1,0,7,12
6.74051936,16,30,8,1,1,0,12,11
6.35784227,12,29,11,1,1,0,9,12
5.99146455,16,28,6,1,1,0,10,12
6.60800063,11,34,17,0,0,0,8,12
5.85793315,14,25,5,1,1,0,12,12
6.08221891,12,26,8,1,1,0,12,14
6.58892648,13,25,6,1,1,0,16,15
6.87729607,11,25,8,1,1,0,4,6
6.62140565,16,30,8,1,1,0,12,12
6.35784227,18,30,6,1,1,0,18,14
6.00141488,16,30,8,0,1,0,12,12
6.42324696,12,30,12,0,1,0,12,12
5.43807931,16,25,3,0,1,0,8,6
4.95582706,12,24,6,0,1,0,8,6
5.95324333,18,30,6,0,1,0,9,12
5.95324333,12,27,9,1,1,0,13,6
6.04500531,12,24,6,0,1,0,3,10.25
6.47697236,12,27,9,0,0,0,3,6
5.43807931,8,30,16,0,1,0,9.94,4
6.51025834,15,30,9,0,1,0,12,12
5.86929691,18,27,3,1,1,0,3,11
5.52146092,13,26,7,0,1,0,2,11
5.70378247,11,31,14,0,1,0,9.94,7
5.99146455,12,24,6,0,1,0,9.94,2
5.70378247,7,34,21,0,1,0,9.94,10.25
6.13122649,13,27,8,0,1,0,9.94,5
6.06842559,12,27,9,1,0,0,9.94,5
5.52146092,11,26,9,0,1,0,6,11
5.75257264,5,28,17,1,1,0,9.94,4
6.43775165,12,28,10,0,1,0,7,10
6.2146081,10,26,10,0,1,0,9,12
5.80211838,12,27,9,0,1,0,5,7
6.37161185,12,28,10,0,1,0,10,10
5.768321,13,28,9,0,1,0,9.94,9
5.70378247,11,28,11,0,1,0,9.94,9
6.60394382,16,32,10,0,1,0,8,12
5.95324333,12,30,12,0,1,0,9.94,10.25
6.46302946,13,26,7,0,1,0,6,7
5.78382518,5,32,21,0,1,0,0,7
6.00635316,12,24,6,0,1,0,9.94,4
5.70378247,6,32,20,0,1,0,0,7
5.170484,7,29,16,0,1,0,3,10.25
6.10924758,11,27,10,0,1,0,3,10.25
5.6767538,10,24,8,0,1,0,3,10.25
6.68586095,12,27,9,0,1,0,9.94,10.25
5.92692603,9,27,12,0,1,0,6,8
5.43807931,10,24,8,0,1,0,6,8
6.28226675,13,33,14,0,1,0,2,5
6.04500531,7,31,18,0,1,0,2,5
5.88887796,10,27,11,0,1,0,9.94,6
5.70378247,9,27,12,0,1,0,8,7
6.32435896,12,28,10,0,1,0,9,12
6.15273269,16,28,6,0,1,0,8,5
6.18620862,12,34,16,0,1,0,3,5
6.39692966,12,26,8,0,1,0,9.94,10.25
5.89440283,11,34,17,0,1,0,9.94,4
5.29831737,10,24,8,1,1,0,1,4
4.95582706,8,30,16,0,1,0,9.94,10.25
6.10479323,12,33,15,0,1,0,2,2
5.70378247,11,29,12,0,1,0,9.94,1
6.55961524,12,31,13,1,0,0,9.94,12
6.28039584,12,26,8,1,0,0,9.94,12
5.56068163,13,29,10,0,1,0,5,10.25
6.51471269,12,26,8,1,0,0,6,7
5.56068163,7,31,18,0,1,0,1,3
5.70378247,10,34,18,0,1,0,9.94,10.25
7.10249936,16,27,5,1,1,0,14,13
6.35784227,17,28,5,0,1,0,12,12
5.52146092,14,27,7,0,1,0,9.94,10
5.97635091,10,30,14,1,0,0,9.94,8
5.6167711,8,24,10,0,1,0,4,8
5.4161004,9,32,17,0,1,0,5,5
5.6167711,7,25,12,0,1,0,3,4
5.87493073,9,30,15,0,1,0,7,8
6.78558765,12,25,7,1,0,0,7,12
5.25749537,16,24,2,1,1,0,7,12
6.04025471,7,29,16,0,1,0,9.94,2
5.92692603,7,33,20,0,1,0,9.94,2
5.89715387,7,31,18,0,1,0,9.94,2
5.99146455,12,26,8,0,1,0,12,11
5.86646806,12,26,8,1,1,0,10,9
5.70378247,13,29,10,0,1,0,12,14
6.03068526,15,25,4,1,1,0,9,11
6.39692966,11,26,9,0,1,0,9.94,10
6.88038408,13,29,10,1,0,0,3,8
5.43807931,5,29,18,0,1,0,2,10.25
5.73979291,12,27,9,0,1,0,2,10.25
5.61312811,8,31,17,0,1,0,3,6
5.99146455,11,27,10,1,0,0,9.94,10.25
5.29831737,8,26,12,0,1,0,9.94,10.25
6.07534603,13,26,7,0,1,0,6,8
5.43807931,6,29,17,0,1,0,1,5
6.59441346,6,30,18,1,0,0,9.94,8
5.59842196,10,33,17,0,1,0,8,8
5.170484,8,26,12,0,1,0,4,8
5.52146092,12,25,7,0,1,0,4,8
5.80814249,10,30,14,0,1,0,9.94,10
6.08221891,12,25,7,1,0,0,8,16
6.0591232,16,26,4,1,1,0,9.94,10.25
6.60665019,16,29,7,1,1,0,8,12
6.55108034,12,26,8,1,0,0,9.94,8
5.50125821,12,24,6,0,1,0,4,7
5.43807931,12,26,8,0,1,0,2,8
5.6094718,15,29,8,0,1,0,5,12
6.44888939,14,28,8,1,0,0,9.94,10.25
5.66642669,16,25,3,1,0,0,8,12
5.70378247,8,32,18,0,1,0,9.94,5
5.43807931,10,29,13,0,1,0,9.94,5
5.97888576,8,30,16,0,1,0,9.94,5
6.34913899,9,24,9,0,1,0,5,5
6.43775165,17,30,7,1,0,0,8,8
6.30991828,16,25,3,1,0,0,9.94,10.25
5.52146092,9,26,11,0,1,0,8,8
5.89440283,8,27,13,0,1,0,9.94,10.25
4.60517019,14,34,14,0,1,0,4,12
5.85793315,12,33,15,1,0,0,9.94,10.25
5.66988092,10,25,9,0,1,0,9.94,6
5.52146092,4,32,22,0,1,0,9.94,4
6.72503364,8,33,19,1,1,0,9.94,3
6.07534603,10,25,9,1,1,0,9.94,10.25
5.80814249,12,27,9,1,0,0,9.94,10.25
5.7235851,12,26,8,0,1,0,9.94,12
6.35088572,18,33,9,0,1,0,7,7
5.66296048,12,25,7,1,1,0,10,6
6.13772705,12,28,10,1,1,0,9.94,10.25
5.96357934,12,34,16,0,1,0,7,12
7.00850518,16,32,10,0,1,0,14,12
5.50125821,16,24,2,1,1,0,9,10
5.88053299,12,25,7,1,1,0,9.94,12
5.87773578,8,34,20,1,1,0,7,8
5.99146455,12,30,12,0,1,0,6,6
5.70378247,10,25,9,0,1,0,12,9
6.315358,16,27,5,1,1,0,15,15
5.70378247,8,31,17,0,1,0,4,10
6.10924758,7,30,17,1,1,0,9.94,10.25
6.01371516,12,25,7,0,1,0,7,9
5.52146092,14,24,4,1,1,0,14,14
5.82008293,16,24,2,1,1,0,9.94,10.25
5.6347896,16,24,2,1,1,0,12,12
6.25958146,13,24,5,1,1,0,12,10
6.24027585,16,26,4,1,1,0,12,12
6.53813982,14,31,11,1,1,0,8,14
6.05208917,16,27,5,0,0,0,12,12
5.88887796,13,24,5,1,1,0,16,12
6.295266,12,24,6,0,0,0,5,12
6.64509097,12,32,14,1,1,0,6,12
6.22455843,12,25,7,1,1,0,9.94,11
6.38181602,17,25,2,1,1,0,12,10
6.03787092,16,25,3,1,1,0,14,13
5.92692603,16,26,4,1,1,0,12,12
5.91079664,17,26,3,1,1,0,12,2
6.08221891,11,26,9,1,1,0,8,8
6.42810527,17,29,6,1,0,0,8,13
6.453625,16,33,11,1,1,0,13,12
6.2146081,12,26,8,1,1,0,10,11
6.77422389,12,32,14,1,1,0,10,11
6.453625,17,34,11,1,1,0,10,14
5.74620319,14,24,4,0,0,0,18,12
5.85793315,15,24,3,0,1,0,16,12
6.75343792,9,24,9,0,1,0,7,11
5.29831737,11,31,14,0,1,0,9.94,8
5.94803499,12,24,6,1,0,0,9.94,10.25
5.50125821,12,30,12,0,1,0,9.94,8
6.69456206,12,32,14,0,1,0,7,10.25
6.13556489,18,33,9,0,1,0,6,10
6.35784227,16,29,7,0,1,0,3,7
6.22653667,17,31,8,1,0,0,9.94,10.25
6.86901445,17,28,5,0,1,0,13,12
6.61069604,16,26,4,1,1,0,13,12
6.10924758,12,24,6,1,1,0,9.94,9
6.16541785,11,27,10,0,1,0,7,8
4.81218436,9,25,10,0,1,0,7,8
6.67708346,11,32,15,1,1,0,3,0
5.29831737,10,25,9,0,1,0,12,5
6.13556489,14,32,12,0,1,0,8,8
5.4161004,10,29,13,0,1,0,16,5
6.35784227,13,28,9,1,1,0,9.94,10
5.19295685,8,32,18,0,1,0,9.94,10.25
5.78382518,9,31,16,0,0,0,9.94,1
6.01371516,7,28,15,0,1,0,9.94,1
5.29831737,10,25,9,0,1,0,2,8
6.28971557,16,29,7,0,1,0,11,16
5.86929691,16,28,6,0,1,0,12,12
5.52146092,11,28,11,0,1,0,12,15
6.54103,16,28,6,0,1,0,9,12
6.04025471,12,28,10,0,1,0,8,12
5.90263333,12,33,15,1,1,0,16,16
5.86078622,11,24,7,0,1,0,4,7
6.81673588,16,31,9,1,1,0,8,8
6.80239476,13,28,9,0,1,0,9,16
5.70378247,7,26,13,0,1,0,2,7
5.72684775,10,27,11,0,1,0,9.94,10.25
6.1633148,7,27,14,1,1,0,9.94,8
5.82894562,11,28,11,0,1,0,9.94,9
6.13772705,9,29,14,1,1,0,5,5
5.29831737,12,30,12,0,1,0,9.94,2
5.75257264,15,24,3,0,1,0,8,8
6.43775165,16,30,8,0,1,0,5,8
5.53733427,12,30,12,0,1,0,9.94,10.25
6.10924758,9,27,12,0,1,0,9.94,10.25
5.92692603,12,24,6,0,1,0,9.94,10.25
5.70378247,12,26,8,1,0,0,0,7
5.89715387,12,26,8,0,1,0,8,10
6.62007321,18,27,3,1,0,0,9.94,10.25
6.37842618,15,28,7,1,1,0,3,8
5.57972983,10,31,15,1,1,0,0,2
5.70378247,9,25,10,1,1,0,0,2
5.96614674,6,33,21,0,1,0,9.94,10.25
6.2146081,10,31,15,0,1,0,9.94,12
6.10924758,12,29,11,0,1,0,9.94,12
5.57215403,12,27,9,0,1,0,7,7
6.06842559,14,27,7,0,1,0,5,12
5.25749537,10,30,14,0,1,0,9.94,4
6.72022016,14,34,14,0,1,0,8,8
6.24027585,16,30,8,1,1,1,16,16
6.27098843,13,30,11,1,0,1,4,9
5.95324333,16,26,4,0,1,1,9.94,11
6.2146081,13,27,8,0,1,1,6,8
6.56807791,15,29,8,1,1,1,16,18
6.15697899,16,27,5,1,1,1,16,18
6.15273269,12,24,6,0,1,1,9.94,7
6.02344759,13,25,6,1,0,1,9.94,10.25
5.81413053,12,25,7,0,1,1,8,12
6.17586727,13,34,15,1,1,1,9.94,10.25
6.2146081,12,24,6,0,1,1,11,10.25
6.56948142,12,31,13,0,1,1,9.94,10.25
6.26339826,13,26,7,0,1,1,9.94,10.25
